#{"t_start": 1753090848.622316, "env_id": "LunarLander-v3"}
r,l,t
-125.654911,70,0.131508
-125.439568,92,1.133091
-47.174224,97,2.128158
-308.698429,112,2.311171
-238.039791,95,3.807904
-127.17261,70,4.709468
-63.578403,69,4.823975
-194.26297,128,5.718535
-317.509206,100,6.885617
-198.463312,74,7.82725
-87.747652,73,7.950761
-332.052772,98,8.962033
-131.1572,131,10.00761
-321.322662,68,10.121116
-105.253645,90,11.116689
-161.169672,60,12.159756
-138.813031,111,13.369337
-346.305635,148,14.952936
-124.318833,62,15.055942
-81.848621,84,16.007006
-147.794349,98,17.130579
-83.308719,73,17.253089
-373.425168,133,18.428179
-249.006372,131,19.416751
-145.956591,96,20.515831
-116.096012,91,21.545897
-482.067856,96,21.70691
-40.397113,69,22.855988
-249.71032,89,23.798073
-128.284056,106,23.974085
-286.267195,96,25.22717
-239.078092,75,26.278746
-237.102957,91,27.363316
-287.533826,73,27.485327
30.024529,73,28.452887
-23.676947,92,28.604898
-91.569053,58,29.66747
-116.355623,75,29.791976
-249.255283,147,31.114069
-62.085063,74,31.236575
-99.05337,91,32.193642
-314.537583,101,33.294215
-299.519046,72,33.414721
-209.838583,98,34.400785
-98.798844,115,35.414353
-231.511085,111,36.592427
-235.992116,105,37.87201
-137.250559,79,38.007517
-107.743286,68,38.882588
-123.495314,111,39.992162
-259.264798,76,40.12467
-188.130041,64,41.123733
-123.675686,96,41.283746
-460.927625,109,42.464317
-78.549446,74,43.675403
-163.021172,58,43.771909
-230.473868,72,44.617963
-60.322512,70,44.734468
-80.512328,74,45.575029
-388.033719,99,46.577095
-150.667095,112,47.858683
-409.865355,92,48.016696
-122.224867,107,48.987764
-356.833223,86,50.014838
-144.778971,64,50.124345
-362.668774,91,50.969415
-397.446225,76,51.99749
-99.390692,116,53.308064
-328.606361,75,53.433572
-43.294012,69,54.457648
3.607946,134,55.845284
-95.588622,74,55.970298
-107.085194,73,57.027373
-245.519475,107,58.122954
-299.951256,79,58.255462
-161.820166,58,59.222046
-274.144687,126,60.48977
-106.910191,77,60.618277
-93.744509,104,61.734857
-91.644915,69,62.691925
-83.059051,108,63.977019
-128.54209,108,64.156527
-112.949478,67,65.338604
-389.683102,116,66.335739
-387.04228,102,67.44582
-93.926232,59,67.543326
-129.606453,89,68.386887
-143.735496,116,69.580973
-111.154242,69,69.693478
-231.018695,91,70.721546
-58.11961,89,71.674116
-106.64327,117,72.94021
-394.365634,96,73.105224
-134.722289,83,74.110294
-136.162104,141,75.16287
-213.728184,72,76.165941
-92.953461,69,76.277953
-66.590944,79,77.224518
-111.271707,76,77.349025
-114.633418,101,78.289095
-61.857945,76,79.10466
-320.452087,132,80.371253
-83.337804,80,80.506763
-114.386531,97,81.658347
-130.641265,87,82.630455
-348.185909,113,83.583048
-139.147101,122,84.879647
-151.139282,90,85.028155
-194.752972,114,86.158738
-416.054311,86,87.31135
-113.24106,68,88.236916
-524.349367,87,88.380929
-109.899309,94,89.611105
-354.086132,130,90.74873
-266.868492,97,91.689362
-168.048355,98,91.85087
-329.084569,103,93.035953
-375.787666,105,94.168527
-111.770016,83,95.0921
-98.774034,69,95.205606
-117.560577,116,96.200683
-155.253937,97,97.262756
-134.776414,83,98.250927
-307.580415,75,98.37594
-183.924729,73,99.366115
-76.476843,81,99.499126
-112.380343,82,100.387687
-83.252984,84,101.369254
-120.063107,75,101.491265
-42.153723,123,102.512347
-83.049878,78,103.581428
-112.376892,81,103.715935
-124.73371,104,104.777508
-105.134524,95,106.104102
-118.070174,80,107.066215
-149.046511,126,108.545817
-366.088194,93,108.69883
-89.914619,62,109.780346
-68.848867,65,109.887853
-100.476885,73,110.817414
-97.281686,62,110.919921
-383.883608,106,111.79109
-398.636571,110,113.08168
-161.970898,104,114.097237
-344.546641,87,115.128768
-202.197218,111,115.309785
-122.770602,72,116.56222
-100.371529,130,117.604308
-156.164526,95,118.591377
-107.340561,73,118.711885
-384.976011,86,119.615573
-221.967781,74,120.56214
-93.801797,68,120.673646
14.07157,136,121.715209
-274.869155,104,122.773392
-203.491986,156,123.866675
-190.727678,78,125.029637
-365.679176,113,125.985579
-301.782098,87,126.129189
-143.532836,67,127.167015
-330.015985,128,128.235697
-128.663576,73,128.358203
-235.744315,86,129.29197
-55.468669,127,130.471633
-324.291506,145,131.614957
-342.800857,93,132.595026
-392.979579,123,133.618104
-71.048407,69,133.731611
-243.293061,80,134.678901
-86.304106,82,135.640004
-203.519596,79,135.769512
-332.604343,96,136.742675
-67.638606,67,137.665629
-75.071783,64,137.771888
-178.102107,141,138.741473
-86.567268,57,139.895069
-100.397401,78,140.029576
-115.044889,62,141.024912
-178.665466,118,142.204993
-338.61817,91,142.3525
-258.369862,101,143.481147
-287.298992,86,144.72423
-302.203515,112,145.822351
-393.243209,103,146.844029
-332.216624,132,148.182799
-115.188624,69,148.296307
-160.244372,70,149.230867
-252.699062,76,149.355373
-129.881076,82,150.325441
-162.692675,60,150.422948
-61.654783,79,151.303014
-116.344672,71,152.238719
-349.829268,103,152.40627
-88.338701,77,153.578503
-270.123828,94,154.571569
-115.126554,70,154.68558
-268.188856,81,155.674646
-105.442156,126,156.787735
-87.298307,111,157.960524
-147.608505,114,159.204036
-129.033439,71,159.319542
-190.373586,115,160.302944
-109.822616,142,161.346583
-284.258489,91,162.386539
-100.390788,65,162.493045
-47.83484,75,163.301164
-105.669661,81,164.245537
-102.650868,99,164.412552
-101.231736,94,165.678138
-162.624116,67,166.679343
-354.684465,91,166.827369
-108.288103,74,167.960016
-272.368927,130,168.990851
-246.569814,131,169.956412
-145.625119,63,170.060918
-95.856931,98,171.027941
-115.845585,95,172.101017
-143.097243,70,173.052126
-360.735369,109,173.232139
-120.299093,81,174.417442
-253.293331,96,175.393013
-124.279158,89,175.537521
-176.36356,107,176.640096
-80.643939,65,177.701601
-290.921275,103,178.733668
-297.89589,139,179.962698
-163.412428,175,181.432081
-121.645517,76,182.420161
-98.162775,72,182.538285
-297.478722,72,183.568035
-284.207833,90,183.71495
-138.625526,69,184.830082
-481.848437,105,185.78431
-190.988215,135,186.905386
-426.870608,140,188.023527
-282.224982,117,189.027249
-474.600838,103,190.06195
-80.901447,66,190.170457
-145.990032,152,191.065346
-295.751224,124,192.274459
-235.108084,106,193.580044
-66.617171,101,194.747123
-147.423466,134,195.76924
-363.417058,85,196.796815
-204.811502,67,196.907322
-116.315755,95,197.918391
-154.763521,117,198.912037
-137.602614,74,199.033062
-216.882964,158,200.231275
-123.284179,72,200.350782
-138.435424,101,201.375617
-89.833493,83,202.328686
-380.608896,144,203.649774
28.325192,100,204.651838
-325.50644,98,204.81385
-379.707864,87,206.117188
-215.051738,96,207.096254
-33.0701,79,207.226264
-103.774614,123,208.373576
-280.708093,125,209.592969
-278.330289,79,210.785542
-404.052019,120,211.772109
-98.332509,141,212.871679
-337.240621,124,213.874743
-376.873728,95,214.824805
-81.594743,78,214.951311
-259.925839,108,216.047394
-116.747785,136,217.168967
-107.580726,85,218.168031
-467.9005,98,219.190604
-325.528392,69,219.306618
-96.558762,116,220.256182
-171.26964,75,221.373755
-177.902521,75,221.496767
63.67571,1000,225.39459
-126.794096,102,226.370759
-136.561221,94,227.483837
-352.195324,99,227.644848
-100.825996,69,228.896434
-75.55351,74,229.858991
-306.606363,95,230.016003
-146.278898,130,231.339845
-224.904794,135,232.593657
-98.605825,80,233.825737
-99.780096,107,234.80638
-98.164252,67,234.917886
-261.574591,96,235.828947
-217.696079,114,236.758506
-91.46513,80,237.722574
-198.435116,141,239.02116
-119.82738,97,239.18067
-69.637721,75,240.34576
-151.350918,108,241.289283
-496.998179,164,242.437792
-93.55051,81,243.535876
-331.690963,93,244.715819
-541.534292,145,246.0
-67.177844,82,246.135508
-278.16657,176,247.595612
-344.673121,97,247.757118
-376.561974,169,249.083262
-192.659952,138,250.296848
-164.734135,96,251.486889
-177.463036,97,251.6459
-325.553127,92,252.880982
-46.115975,162,253.942554
-156.5342,67,255.073127
-343.129795,97,256.039797
-492.004788,91,256.192305
-92.183337,94,257.313001
-268.523331,115,258.304088
-480.755249,95,259.322115
-468.16122,152,260.770022
-353.60957,113,261.909734
-516.652799,133,263.062653
-311.834446,118,264.305835
-364.614179,95,264.459908
-404.057381,105,265.76248
-515.449046,164,267.39828
-258.024154,116,267.58882
-218.698711,89,268.735908
-258.778493,110,269.724977
-245.618435,127,270.738044
-142.830085,105,271.716588
-19.475739,116,272.760631
-373.851653,104,274.012221
-256.929163,136,275.467395
-345.695304,81,275.60241
-320.886715,85,276.444465
-640.094298,163,277.488538
-515.07158,108,278.672126
-786.108789,141,279.700082
-721.331248,191,280.943491
-855.869896,184,282.284089
-280.106214,86,283.202285
-802.529925,205,284.664386
-277.49671,102,286.034484
-683.637341,172,287.101572
-642.871894,148,288.690177
-468.753395,142,289.94077
-450.722273,77,290.066278
-552.057066,110,291.041856
-706.574952,226,292.554461
-616.746305,93,293.586523
-460.665871,79,293.716376
-527.941688,83,294.800947
-495.297705,89,295.812516
-910.814805,221,297.204511
-1061.490006,247,299.011011
-569.881897,90,300.194504
-585.68061,133,301.240002
-677.572571,112,302.273002
-456.494744,86,303.263488
-799.563862,170,304.609483
-419.238175,81,305.62448
-667.956417,123,306.92647
-761.481178,173,308.625976
-617.478046,97,309.780464
-646.977125,119,311.137458
-554.42924,106,311.315889
-547.728159,113,312.457177
-722.090237,135,313.625374
-655.270831,112,314.769454
-422.073658,77,315.836617
-419.608754,113,316.875684
-629.32273,114,317.995958
-285.886165,87,318.142972
-844.396088,225,319.566509
-393.970554,93,320.543906
-427.378534,81,320.680159
-415.270077,136,321.848116
-376.586054,82,323.076539
-634.611765,131,324.058602
-649.302216,111,325.120678
-144.412658,100,326.111091
-417.405113,103,327.113168
-570.46793,79,327.244675
-358.445343,76,328.333912
-641.292797,129,329.567452
-425.706622,114,330.695005
-338.33742,102,330.869397
-498.896439,109,332.099713
-633.949222,123,333.405435
-728.108459,116,334.704633
-514.58692,136,335.956845
-757.456258,158,337.073752
-576.643907,107,338.32072
-336.139768,111,339.591136
-88.070912,115,340.540204
-483.391312,102,341.640959
-537.357463,111,342.792124
-688.148048,156,343.966528
-456.351281,128,345.036102
-173.105959,111,346.118684
-424.377901,113,347.160867
-432.115896,135,348.292441
-647.781193,145,349.604101
-458.990274,78,349.734112
-387.095932,77,350.792179
-74.56447,117,351.859258
-123.985969,84,352.79682
-178.617706,165,354.207471
-465.91186,99,355.226546
-321.048985,85,355.369052
-320.351841,86,356.516134
-432.178987,93,357.538205
-606.85664,115,358.652778
-566.441597,147,360.031802
-178.899465,125,361.192583
-460.152681,124,362.318615
-400.948428,85,362.458123
-358.312351,110,363.662474
-406.760365,88,364.674308
-94.586396,105,365.671855
-388.142305,91,366.925964
-151.414186,137,368.432574
-121.585777,168,369.953854
-65.638767,153,371.001439
-438.369199,106,372.063664
-396.32029,183,373.148238
-89.171877,77,374.316813
-540.837245,226,375.738924
-34.428618,170,376.784998
-215.284028,80,377.73408
-119.9932,90,377.884588
-264.675649,93,378.958687
-504.182175,216,380.471303
-7.932654,92,381.764009
-492.606889,192,383.288691
-492.312877,79,384.26476
-388.625291,147,385.592422
-385.616556,82,385.730435
-425.067732,117,386.786502
-307.596252,85,387.902159
-283.362184,125,388.949733
-412.349218,168,390.044271
-453.82227,213,391.522165
-493.451098,135,392.523173
-368.315424,77,393.486746
-207.991403,129,394.677663
17.896411,112,394.86466
-564.07482,94,396.123656
-471.895363,103,397.308964
-328.556069,134,398.350214
-535.625692,143,399.409168
-372.310984,144,400.569248
-264.587925,130,401.849655
-321.859564,125,403.153371
-390.549901,103,404.516964
-171.680364,96,405.64091
-363.598207,132,406.794494
-298.807578,101,407.811804
-48.852182,171,409.226082
-504.865298,139,410.316151
-270.854775,114,411.442735
-314.656393,165,412.550307
-348.819777,123,413.784428
-254.782841,127,415.121304
-240.444893,167,416.71441
-464.202997,142,418.19601
-503.227888,106,418.373632
-216.014641,125,419.689725
-219.844262,90,420.920399
-468.631444,83,422.016974
-84.934933,123,423.276066
-124.025525,134,424.599719
-617.836461,153,425.619152
-390.824867,103,426.608029
-52.548872,98,427.711085
-420.664036,93,427.86503
-297.093072,94,429.020534
-484.840835,149,430.111589
-435.32038,142,431.256175
-543.736914,151,432.898867
-443.432135,96,433.057881
-63.600867,126,434.225961
-614.796034,135,435.501549
-286.871751,112,436.804137
-285.055546,93,437.678235
-521.310809,99,438.672304
-491.239481,169,440.174408
-57.148518,106,441.189476
-442.919445,141,442.380264
-556.823715,169,443.519917
-668.528817,277,445.161103
-280.871867,96,446.251312
-522.245857,120,447.391099
-444.879767,85,448.330165
-234.75953,107,449.491745
-385.442117,106,449.665759
-499.296507,133,450.889837
-268.682976,97,452.115479
-221.786085,102,453.202559
-160.274175,107,454.229134
-134.440024,119,455.180295
-392.300306,90,455.326804
-14.731928,143,456.658898
-160.32233,80,456.791405
-346.723914,80,457.713969
-86.348668,75,457.83798
-73.342309,72,458.740542
-170.561067,149,459.815731
-30.544808,110,460.78781
-344.463671,110,461.79989
-116.249911,127,462.826741
-370.345696,122,463.932307
-292.283972,91,464.87487
-151.686829,122,465.076478
27.741524,161,466.691655
-258.708375,237,468.395682
-177.039691,94,468.550696
-278.710231,189,470.060303
-77.034695,135,471.02837
-387.677909,140,472.091992
-400.020217,103,473.132572
-179.522458,128,474.319727
-158.144444,108,475.385803
-429.958543,221,476.867405
-409.320694,92,478.068487
-423.086667,207,479.43809
-52.162118,233,480.9587
-270.020166,124,482.446915
-128.467653,154,484.05887
-203.259361,157,485.375385
-428.00927,130,486.434857
-77.352577,80,487.414445
-21.847056,75,487.538459
-194.762781,110,488.602241
-308.526704,105,489.610308
-417.273925,125,490.726842
-180.533872,147,491.964839
-119.782774,223,493.395848
-377.741123,115,494.796435
-267.323105,99,494.961334
-333.891821,150,496.544266
-310.579961,970,500.73525
-72.536008,119,501.737246
-374.142153,78,502.679737
-343.850161,145,504.116237
-170.560331,171,505.442726
-144.683936,86,506.430724
-178.393929,99,507.672236
-19.500298,128,508.906323
-271.949268,123,509.109337
-151.337109,250,511.907502
-45.154038,131,513.286596
-273.310714,178,514.937908
-371.314025,133,515.912973
-149.941598,166,517.085052
-225.428133,108,518.042121
-44.702045,96,518.989246
-215.794867,147,520.177832
-145.39522,219,521.589532
-304.399821,132,522.826616
-490.929625,101,522.992129
-304.527072,209,524.588035
-211.638605,235,526.09664
-231.240176,265,527.57275
24.215601,98,528.543816
-462.256066,103,529.702389
-6.035858,120,531.143618
-593.939019,131,532.498144
7.67634,139,533.91024
-183.392263,131,535.184332
49.80981,87,535.326841
-257.312451,134,536.394104
-59.856351,179,537.842619
-311.230208,117,539.033564
-361.953645,99,539.196079
-443.776292,108,540.419166
-262.766017,119,541.763262
-109.118966,112,542.930841
-206.942979,97,543.907918
-391.315291,95,544.868351
-227.043405,103,545.03586
-277.674241,111,546.125435
-98.0033,113,547.469758
-195.42766,94,548.594333
-105.955479,141,549.72191
-25.969455,172,550.823102
-149.480614,142,552.038095
-181.133108,112,553.486312
-20.43479,116,554.767329
-24.778387,101,555.825901
-312.030303,99,556.827969
-53.358775,181,558.039552
8.843865,125,559.066125
-54.013415,81,560.211699
-180.54761,82,560.343714
-42.777757,115,561.531925
-66.28589,75,562.791513
-116.487166,111,563.765958
-124.353018,191,564.923536
-85.807101,102,566.150085
-93.45313,159,567.278665
-49.769016,134,568.538752
-73.372404,81,569.662366
-105.522385,108,570.659533
-80.30529,83,571.787477
-144.963368,93,571.942471
-15.07539,112,572.952978
11.684291,130,574.059362
-72.042253,65,574.908418
-203.932706,211,576.181187
-156.756741,224,577.755861
-38.249054,127,578.777488
-178.578857,574,581.282373
25.570693,90,581.43188
-225.241844,160,582.70901
-88.948852,202,584.332589
-64.550192,130,585.395161
-230.833827,245,586.870766
25.44729,148,587.920338
-296.564958,185,589.393943
-32.878761,112,589.577957
-76.154736,79,590.810603
-316.032033,220,592.046335
-1.908768,126,593.246417
-319.77473,194,594.566002
-321.075764,260,596.174617
-113.241681,77,597.342195
-74.796721,69,597.456206
-166.644291,88,598.398155
-341.454819,107,599.399443
-128.051374,115,600.389988
-131.434563,191,601.507687
-203.922259,155,602.946291
-345.276209,111,603.130801
-305.061549,230,604.900721
-244.971533,91,606.127576
-207.14352,223,607.483176
-278.384773,226,608.984282
-13.436735,121,610.281043
-250.259776,172,611.97588
-73.76578,132,613.222963
-93.392629,136,614.34484
-28.342342,129,615.493426
-38.650737,139,616.702507
-59.121781,104,617.667415
-60.019066,246,619.33003
-224.672156,226,620.849137
-72.216798,192,622.565753
-207.635948,175,623.69075
-48.995011,97,624.954276
-61.947571,120,626.026272
-47.915876,240,627.447788
-65.705871,175,628.601768
-53.062719,176,630.155762
-79.151728,80,630.289256
-32.305217,126,631.355247
-40.558865,96,632.510753
9.101208,125,633.539752
-32.129706,128,634.548745
-95.427355,212,635.957234
-26.279663,88,636.10174
78.872652,154,637.361229
-50.10753,94,637.517735
3.356985,142,638.674142
-98.414847,229,640.225219
-78.818628,80,641.133724
-137.119168,560,643.486202
-118.502449,187,644.995707
-92.825601,143,646.424762
-305.244069,126,647.675774
-211.166376,176,648.794772
-61.827254,129,649.867767
-291.851258,87,650.895787
-162.615365,241,652.532293
-41.214066,116,653.734242
-78.00091,160,655.159728
-33.640814,197,656.434216
-89.799663,293,658.462223
-116.432941,221,659.974122
-226.568941,113,661.1562
-135.169792,117,662.400181
-80.975324,113,663.449886
-60.875158,204,664.808224
-41.142,70,664.924731
-261.393076,122,665.901798
-63.968695,166,667.039275
-139.419476,119,668.520715
53.841027,129,669.8243
-74.252495,106,671.178394
-182.084383,322,673.117538
-61.35352,151,674.486644
-21.440957,174,675.715233
-130.913047,78,676.928311
-74.170497,139,677.896381
-123.185915,129,678.938451
-43.773178,92,679.871017
-141.362928,116,681.148102
-173.728964,339,683.15374
43.248166,118,684.380325
-93.989384,264,685.93277
-116.531479,222,687.435875
-130.776404,170,688.534449
36.220394,153,689.88754
-109.574178,586,692.651742
-79.008369,97,693.611852
-51.558354,349,695.522985
-64.725123,136,696.941101
-49.532248,92,697.094112
-24.202018,480,699.315274
-7.030793,183,700.506882
-255.174956,172,702.339098
-26.297687,91,703.472462
-157.768176,355,705.369117
-155.758976,387,707.351267
-50.348094,98,708.742365
-11.730246,188,710.138455
-69.704533,91,710.290469
-71.77814,93,711.452549
-18.899875,86,712.444616
-120.278417,234,713.936211
-7.662138,167,715.614323
-5.559322,98,716.598384
-3.67864,107,716.773396
-49.599259,162,718.312997
-189.55848,750,721.502705
-20.999507,123,722.733783
-84.653737,231,724.202605
-4.286122,71,725.428686
-39.708978,1000,729.098959
-27.616817,111,730.19018
-39.688626,121,730.390194
-96.502714,81,731.715286
-167.854489,501,733.999933
-144.151336,913,737.440176
-44.432991,1000,741.368978
-49.948842,1000,745.267247
-6.08515,1000,749.296038
23.931224,1000,753.337837
95.002018,1000,757.510647
-12.901809,110,758.705728
-0.021138,159,759.858325
104.078519,1000,763.958666
53.072133,150,765.135296
-10.864461,104,766.303377
-10.620483,187,767.722977
37.294901,146,769.083074
51.503547,123,770.297153
-227.49473,479,772.644364
-1.394447,102,773.792441
-113.277733,442,776.169102
-181.32401,754,779.562829
-84.500397,1000,783.514096
8.455893,1000,787.632393
68.325109,1000,791.586165
-81.103112,1000,795.54486
-37.426821,371,797.576666
-8.766041,597,800.130842
-83.220112,1000,804.382141
61.22869,1000,808.288825
-56.772042,1000,812.12986
96.64132,1000,816.079556
-48.643723,426,818.421218
45.173011,147,819.48079
-50.847545,323,821.376923
-66.314497,299,823.218035
163.282463,561,825.561299
184.047975,1000,829.642095
-30.342903,179,830.968705
-35.103705,278,832.805212
57.671985,1000,836.86791
27.58457,178,838.254021
75.169534,1000,842.048965
2.577612,500,844.474327
107.903649,1000,848.391314
58.773108,146,849.892035
93.311816,1000,853.884698
110.362942,1000,858.279282
90.979225,1000,862.275888
97.321185,1000,866.240744
41.264934,1000,870.1218
78.217733,1000,874.160809
-27.686409,1000,878.440825
-36.05262,201,880.116875
-9.270852,1000,883.950399
89.400222,1000,888.033293
184.116925,1000,892.041395
149.223316,1000,896.083507
124.274017,1000,899.896275
57.975066,226,901.276369
146.831271,1000,905.317483
107.937424,1000,909.391898
127.248011,1000,913.494179
132.265985,1000,917.375695
21.685387,254,918.815182
10.377549,143,919.787176
41.89216,210,921.096085
154.616942,1000,925.143661
259.768711,668,928.193898
129.830479,1000,932.163205
39.401804,189,933.43825
277.952621,260,934.897413
21.890329,276,936.382524
248.139131,978,940.248012
248.50357,356,942.213661
-34.861983,106,942.386675
263.5271,950,946.290859
217.213537,606,949.033076
195.882648,511,951.426811
38.049262,175,952.755902
267.887642,497,954.909053
45.489672,226,956.193146
50.19345,295,957.970764
280.703411,798,961.09443
233.769789,352,962.964509
248.011143,439,964.881504
213.503513,459,967.427492
-1.489532,157,968.543488
75.734171,998,972.428473
181.273852,964,976.004953
279.599293,439,978.433944
-23.861872,174,979.57245
184.458344,521,982.168439
-43.292223,1000,986.211915
-4.288303,327,988.117903
246.841567,617,990.946403
-31.084416,241,992.580935
217.705406,447,995.103114
28.766238,114,996.201094
297.582254,632,998.979462
244.98501,783,1002.300969
204.541656,382,1004.225115
281.442375,268,1005.620675
234.991299,458,1007.785821
288.798267,276,1009.479433
211.688995,664,1012.63821
-11.548148,91,1013.798288
204.275468,533,1016.546659
265.278547,368,1018.51455
164.765172,520,1021.169061
193.222266,391,1023.221319
5.517063,256,1024.71383
27.008842,112,1025.973667
-39.187131,194,1027.238162
-18.70433,178,1028.38949
-18.102262,208,1030.074594
-2.050467,194,1031.550254
55.080073,120,1032.993359
262.800787,325,1034.725975
15.610411,200,1035.965056
252.952094,291,1037.876195
302.465296,331,1039.678325
48.592218,162,1041.222574
178.166278,469,1043.349232
236.050614,366,1045.495882
240.000327,359,1047.613052
10.329164,238,1049.083295
265.733914,285,1050.570405
17.534186,168,1051.988008
215.704491,447,1054.244683
271.690719,456,1056.36837
151.409742,669,1059.664713
161.754134,772,1062.934407
14.596907,161,1064.121491
241.637523,322,1065.867618
7.474302,252,1067.673773
225.617571,298,1069.52791
274.389104,409,1071.423548
239.334076,384,1073.293331
206.50084,338,1075.246977
224.211544,338,1077.213624
-56.877161,325,1079.207762
-76.536108,363,1081.027396
185.562041,628,1083.711688
168.158784,606,1086.342475
122.503465,599,1089.341348
-34.761215,303,1090.935463
-66.604418,347,1093.119167
272.749124,320,1094.986289
221.696368,523,1097.564069
207.542448,553,1100.230255
205.887862,411,1102.187884
203.353554,502,1104.693066
8.871505,316,1106.571696
-13.10915,129,1108.046298
247.684797,351,1109.938433
-2.108175,109,1111.293149
265.687271,339,1113.425817
40.376909,172,1114.532395
234.894523,407,1116.598185
-23.374007,120,1118.102891
219.448152,406,1120.404053
286.406084,425,1122.743707
246.833564,310,1124.324321
253.130918,289,1126.293962
49.147094,149,1127.940573
255.47259,401,1130.06272
244.136962,315,1131.846848
245.955818,430,1134.121015
223.50978,435,1136.501689
218.386584,450,1138.756847
250.707267,358,1140.474972
229.836206,372,1142.794539
54.311039,168,1144.238235
35.109507,90,1144.391251
247.660823,318,1146.310396
5.539443,209,1147.648987
252.091546,323,1149.726157
-47.221736,300,1151.253774
277.155491,407,1153.353977
35.372893,119,1154.690668
224.853167,753,1157.993903
-40.802538,266,1159.774119
-87.770036,416,1162.24832
-11.059685,227,1163.789938
-40.733182,249,1165.508632
249.684291,536,1168.187829
-4.252312,244,1169.764452
228.218342,345,1171.728594
142.856832,595,1174.340105
-4.675668,254,1175.80671
278.488887,294,1177.630337
255.107399,297,1179.139935
50.943053,193,1180.746566
55.853824,191,1181.989653
267.731407,306,1183.818284
27.467126,220,1185.390398
263.166675,314,1187.428044
251.769807,339,1189.226671
-22.010797,91,1189.379178
-13.004804,285,1191.189315
233.127702,325,1193.191955
30.345572,233,1194.670553
267.605731,256,1196.140152
277.24513,421,1198.087301
-20.840407,291,1199.741915
245.123077,377,1201.958568
-68.531929,510,1204.655757
-12.765669,209,1206.323376
39.705978,163,1207.424952
11.862921,80,1208.70154
24.21471,97,1209.753112
-22.256512,78,1209.882619
50.337421,135,1210.946195
244.171829,356,1212.846335
-56.986077,262,1214.371035
61.449701,179,1215.675629
-3.827683,169,1217.314793
-5.056699,152,1218.533878
-16.204156,183,1219.714465
-54.912347,214,1221.524595
-76.711788,189,1222.963197
11.460952,90,1223.113214
39.57239,175,1224.423207
41.557923,104,1225.758799
35.88044,190,1227.007955
219.010031,305,1228.531185
223.18056,278,1230.621842
208.775453,357,1232.345973
51.064896,115,1233.809586
260.729971,294,1235.808226
27.273348,133,1237.229323
257.938414,295,1239.160633
225.407006,307,1240.784251
226.186903,285,1242.742411
255.520493,389,1244.955082
131.30492,524,1247.480863
266.20565,235,1249.000974
245.56218,358,1251.211626
-2.620455,100,1252.423208
258.357188,302,1253.9568
20.779097,151,1255.45794
264.211062,267,1257.271175
224.289864,337,1259.209677
215.407786,332,1261.21332
-39.104869,247,1262.521757
4.353909,194,1263.637355
271.522074,467,1266.099462
-14.833776,117,1267.109122
253.801699,289,1268.523109
265.424079,302,1270.215351
229.222401,363,1272.079848
13.929228,226,1273.833432
274.601488,360,1275.763137
62.950657,135,1276.777208
59.042433,117,1277.772277
21.676747,103,1278.888855
259.905881,310,1280.686267
-11.38741,282,1282.265017
248.317701,301,1284.43634
48.047393,178,1285.577917
23.529694,112,1286.639491
279.034166,328,1288.347266
291.629167,306,1290.185393
-6.998867,269,1291.637643
18.364379,123,1292.655434
22.4664,224,1294.054313
282.504066,244,1295.696909
0.528387,170,1297.274015
229.792736,568,1299.56067
221.246249,322,1301.671727
262.07088,320,1303.339227
17.976658,303,1305.359219
232.270147,351,1307.187896
287.824594,254,1308.866159
8.750227,88,1309.009669
5.246499,257,1310.568077
36.995478,185,1312.17169
274.673367,288,1313.731653
16.577043,229,1315.137799
272.813815,345,1317.006143
232.872309,396,1318.830765
69.334249,162,1320.585313
259.888825,322,1322.297932
291.487425,374,1324.257491
276.763272,330,1325.966986
21.158562,267,1327.723627
26.440507,260,1329.129064
236.751509,318,1330.513619
25.690023,88,1331.664613
15.354125,119,1332.681659
6.520341,231,1334.086487
-4.536908,303,1335.895559
255.085791,275,1337.265316
23.233165,204,1338.96493
262.804331,287,1340.520177
41.771509,205,1341.935322
265.68227,274,1343.524621
21.212736,73,1343.650127
-9.39787,272,1345.298584
49.552588,213,1346.812188
62.614035,181,1348.24506
28.779645,181,1349.600127
27.013195,188,1350.974146
50.519372,134,1352.196543
235.256364,371,1354.15468
-96.097863,317,1356.243582
171.600357,594,1358.811116
-41.999111,344,1360.817052
22.338739,94,1362.056535
-52.89299,292,1363.531545
244.901862,302,1365.632634
-20.5258,249,1367.215237
261.545868,490,1369.642168
221.560504,315,1371.706343
-44.686554,220,1373.167459
226.149878,403,1375.356613
-53.534381,132,1376.509281
198.427914,311,1378.160612
2.625575,246,1379.75945
238.578097,278,1381.286115
252.163645,282,1383.24788
-83.696377,292,1385.131179
165.222851,566,1387.600343
238.10979,323,1389.445424
-23.341383,216,1390.754016
-31.279527,231,1392.575205
271.884911,309,1394.535926
-30.145974,193,1396.003881
32.358416,116,1397.032974
23.934799,188,1398.381563
-3.035173,102,1398.550576
5.85241,247,1400.330744
141.580234,434,1402.712108
206.392641,351,1404.557142
35.421502,140,1405.971237
220.004312,380,1408.187255
-50.862521,298,1410.269898
40.9558,187,1411.601009
140.301544,547,1414.306218
71.667267,927,1418.226295
169.947038,556,1420.76754
223.003703,447,1423.088154
-83.257924,742,1426.412708
233.704842,498,1428.978939
153.198792,744,1432.379755
110.544919,936,1436.009816
211.604462,563,1439.067125
-18.460681,1000,1442.971989
-65.267666,1000,1447.054921
-36.060327,359,1449.238637
-53.885621,336,1451.143173
174.458401,421,1453.075695
200.375865,519,1455.461537
244.810888,321,1457.474319
48.081078,283,1459.334234
241.761213,315,1460.850343
-21.299275,304,1462.873483
211.196113,380,1464.918699
256.758439,472,1466.975049
219.688498,385,1469.223758
251.486475,424,1471.748945
181.760599,354,1473.511563
241.671285,507,1476.326139
204.800952,362,1478.66365
240.827352,309,1480.554828
56.360761,120,1481.889416
-10.801245,237,1483.382275
211.716997,298,1485.46045
51.359358,193,1486.68753
-17.501643,286,1488.732173
193.347521,382,1490.977702
233.849618,459,1493.310864
244.16356,466,1495.710532
38.604598,178,1496.94212
60.060607,176,1498.373215
40.453152,196,1499.874322
242.478219,454,1502.098473
256.559666,276,1503.712087
227.828663,332,1505.434704
268.714509,332,1507.402339
240.154021,336,1509.163462
256.064285,368,1510.848078
226.7877,367,1513.085373
241.375386,384,1515.36762
280.231647,442,1517.856874
237.657624,363,1519.834966
228.232335,499,1522.298893
-8.623716,195,1524.03985
238.304942,381,1525.919828
247.894494,376,1527.731458
201.425068,394,1529.623642
241.38236,465,1531.765866
276.26255,296,1533.570826
257.281814,284,1535.047429
25.994036,208,1536.576112
236.482182,397,1538.497342
253.373675,295,1539.99612
-5.515322,282,1541.720776
-7.53013,180,1543.30432
1.726222,205,1544.458318
-18.071549,246,1546.152379
230.026082,339,1548.239474
0.303855,223,1549.62257
55.878658,198,1550.762653
56.411024,141,1551.959738
277.444548,433,1554.387464
164.002753,557,1556.661634
78.87127,168,1557.728702
260.44448,289,1559.741362
64.802931,195,1561.111007
23.932905,245,1562.553612
272.415808,286,1564.12472
39.19316,123,1565.357425
252.316129,318,1567.310057
-10.874843,202,1568.488652
3.56064,224,1570.15227
233.401728,315,1572.006494
-104.580858,264,1573.80162
-1.444857,236,1575.452738
271.834787,332,1577.317205
-12.515714,219,1578.637878
-13.201731,173,1579.752719
192.082224,389,1581.812919
200.386543,441,1584.029916
-42.486064,256,1585.653966
-63.077193,252,1587.177914
177.60036,367,1589.263662
-138.297666,440,1591.897968
-47.137903,287,1593.389263
-51.351104,258,1594.932739
279.906496,315,1596.832673
-139.972942,387,1598.761802
175.624892,471,1600.899759
202.712634,487,1603.428715
-60.442815,304,1605.221346
203.628968,390,1607.363013
-76.853372,347,1609.411275
192.976343,471,1611.743439
272.302703,336,1613.489171
241.352561,433,1615.610698
212.559016,418,1617.46476
241.089467,373,1619.457062
297.886192,278,1621.008019
213.208745,422,1623.449916
266.969529,348,1625.18901
282.644696,388,1627.249448
279.245302,336,1629.36155
233.440347,354,1631.150247
237.378404,359,1633.088887
232.651479,410,1635.42858
287.412899,337,1637.118755
262.126105,348,1639.371012
228.123263,396,1641.348889
220.48429,376,1643.4345
57.570894,254,1644.892019
219.508169,527,1647.197425
222.111822,327,1649.102883
218.773086,374,1651.006309
269.771856,354,1652.847314
15.9572,353,1655.028975
240.009292,414,1657.298459
242.515588,348,1659.7057
224.189516,455,1661.83791
221.077315,396,1663.769552
254.018885,358,1665.396662
63.34984,118,1666.595742
210.029875,397,1668.890518
270.387885,279,1670.480183
247.491821,369,1672.315719
-3.429145,266,1673.903392
-7.030696,281,1675.429472
270.514066,420,1677.260739
207.03938,342,1679.132279
30.704754,297,1680.60097
244.579128,291,1682.563683
7.384833,219,1684.083131
262.556686,294,1685.966757
-21.772927,226,1687.506865
7.448013,214,1689.247772
68.984454,179,1690.333262
47.980343,185,1692.009758
266.464688,303,1693.551341
292.008257,300,1695.281466
260.435274,369,1697.226722
-1.864119,274,1699.346179
210.932445,444,1701.407305
-20.652024,268,1702.922206
276.15587,214,1704.146876
226.573138,421,1706.134527
174.020166,418,1708.183423
-12.504263,164,1709.601516
-3.163599,284,1711.394636
22.611102,277,1712.892254
38.986305,238,1714.276843
-20.382854,205,1715.474544
282.441218,275,1717.392781
-8.193135,199,1718.806409
-29.615494,186,1720.26302
-39.977113,216,1721.634114
4.153733,191,1723.136727
-24.226458,179,1724.319316
300.334177,373,1726.160441
48.167639,201,1727.381035
-45.489737,181,1728.677623
42.52743,220,1730.103224
24.481899,194,1731.412814
-32.416934,219,1733.148976
15.724081,178,1734.240551
45.931441,199,1735.882611
46.855128,153,1736.955594
-1.937514,185,1738.360589
-6.824525,211,1739.725583
262.671292,436,1741.96707
276.707993,411,1743.95058
33.806712,252,1745.346562
1.543011,170,1746.478053
-10.799202,190,1748.037547
294.576081,238,1749.654546
246.062516,313,1751.750032
242.111122,346,1753.54553
9.94463,291,1755.172526
271.15942,359,1756.971014
-16.800293,285,1758.616646
-8.325809,315,1760.142394
215.298313,631,1763.198929
-71.451193,393,1765.430585
189.462321,669,1768.761896
-34.552948,476,1771.001323
154.738885,867,1774.762432
-19.713049,1000,1778.703968
189.632784,511,1780.96526
177.155883,516,1783.251929
162.628122,650,1785.913103
200.114894,547,1788.136287
257.089378,456,1790.632975
268.967699,356,1792.450622
232.276337,436,1794.616795
205.625978,320,1796.313971
243.540251,452,1798.648651
256.068104,337,1800.5308
149.574395,574,1802.916995
251.593924,354,1805.004177
3.539791,255,1806.478293
208.219797,748,1809.488547
-42.592214,208,1811.030091
85.131476,118,1811.226104
-56.903879,228,1812.867739
236.490699,384,1814.796902
83.080686,1000,1818.7205
57.647446,192,1820.062306
301.610249,209,1821.461902
233.734503,329,1823.263634
-50.652869,267,1824.885601
225.781928,331,1826.533752
6.16011,212,1828.164917
-28.395454,251,1829.622521
248.684891,289,1831.164251
35.649545,144,1832.415058
29.711792,198,1834.068969
276.819791,242,1835.555305
47.507217,246,1837.060199
13.594853,201,1838.460353
35.644778,206,1840.212531
27.415824,265,1841.703987
1.803659,209,1843.115659
19.125737,205,1844.447284
260.402419,317,1846.424761
270.745724,298,1848.093879
262.261464,282,1849.659482
15.115952,218,1851.3551
11.171755,177,1852.47118
