#{"t_start": 1753269553.8167922, "env_id": "Acrobot-v1"}
r,l,t
-500.0,500,2.210374
-500.0,500,4.798559
-500.0,500,7.073232
-500.0,500,9.413465
-500.0,500,11.619752
-500.0,500,13.80735
-500.0,500,16.057336
-500.0,500,18.407957
-500.0,500,20.764621
-500.0,500,23.200922
-500.0,500,25.685597
-500.0,500,28.299972
-500.0,500,30.66713
-500.0,500,32.9938
-500.0,500,35.255513
-500.0,500,37.385148
-500.0,500,39.567713
-500.0,500,41.78767
-500.0,500,43.935196
-500.0,500,46.374308
-500.0,500,48.855147
-500.0,500,51.195292
-500.0,500,53.637703
-500.0,500,56.121448
-500.0,500,58.458814
-500.0,500,60.676466
-500.0,500,62.887011
-500.0,500,65.088665
-500.0,500,67.151178
-500.0,500,69.542605
-500.0,500,71.849766
-500.0,500,74.094918
-500.0,500,76.545398
-500.0,500,79.045066
-500.0,500,81.405063
-500.0,500,83.537218
-500.0,500,85.77545
-500.0,500,87.837105
-500.0,500,90.002084
-500.0,500,92.168248
-500.0,500,94.619012
-500.0,500,97.101628
-500.0,500,99.349377
-500.0,500,101.932414
-500.0,500,104.223913
-500.0,500,106.583412
-500.0,500,108.902004
-500.0,500,110.916146
-500.0,500,113.074469
-500.0,500,115.173985
-500.0,500,117.391356
-500.0,500,119.803475
-500.0,500,122.189706
-500.0,500,124.497455
-500.0,500,126.957279
-500.0,500,129.353013
-500.0,500,131.736823
-500.0,500,133.853985
-500.0,500,135.996289
-500.0,500,138.242539
-500.0,500,140.332603
-500.0,500,142.57846
-500.0,500,144.852634
-500.0,500,147.078786
-500.0,500,149.687464
-500.0,500,152.225647
-500.0,500,154.617816
-500.0,500,156.817473
-500.0,500,159.006622
-500.0,500,161.168192
-500.0,500,163.339183
-500.0,500,165.462175
-500.0,500,167.727682
-500.0,500,170.349156
-500.0,500,172.506657
-500.0,500,175.092646
-500.0,500,177.445636
-500.0,500,179.724123
-500.0,500,181.938582
-500.0,500,184.079833
-500.0,500,186.218763
-500.0,500,188.374417
-500.0,500,190.576572
-301.0,302,192.031177
-500.0,500,194.286663
-441.0,442,196.097898
-451.0,452,198.433555
-500.0,500,200.626206
-500.0,500,202.672403
-397.0,398,204.648064
-500.0,500,206.796218
-500.0,500,209.127394
-500.0,500,211.483641
-333.0,334,213.147259
-500.0,500,215.330327
-408.0,409,217.284108
-410.0,411,219.412385
-362.0,363,221.247012
-500.0,500,223.745994
-500.0,500,226.116655
-500.0,500,228.512877
-500.0,500,230.753535
-500.0,500,232.95218
-500.0,500,235.056811
-500.0,500,237.126447
-500.0,500,239.454108
-500.0,500,241.755764
-500.0,500,244.122924
-500.0,500,246.719673
-500.0,500,249.074341
-500.0,500,251.264001
-500.0,500,253.53515
-500.0,500,255.6728
-499.0,500,257.841946
-500.0,500,260.157102
-500.0,500,262.423255
-500.0,500,264.808929
-500.0,500,267.088657
-500.0,500,269.652339
-299.0,300,271.667658
-500.0,500,273.944312
-302.0,303,275.595036
-322.0,323,277.264658
-236.0,237,278.727755
-439.0,440,280.969929
-500.0,500,283.24209
-393.0,394,285.143723
-500.0,500,287.264888
-500.0,500,289.657067
-500.0,500,292.110749
-500.0,500,294.401433
-311.0,312,296.446595
-216.0,217,297.766191
-500.0,500,300.05239
-235.0,236,301.704499
-351.0,352,303.593646
-321.0,322,305.232762
-500.0,500,307.511741
-500.0,500,309.944111
-476.0,477,312.32434
-500.0,500,314.618123
-479.0,480,316.810808
-266.0,267,318.385922
-459.0,460,320.395657
-500.0,500,322.869337
-500.0,500,325.336016
-442.0,443,327.645708
-474.0,475,329.841383
-500.0,500,332.434088
-500.0,500,334.731761
-391.0,392,336.759933
-368.0,369,338.752084
-408.0,409,340.677236
-382.0,383,342.509431
-398.0,399,344.720106
-445.0,446,347.162838
-386.0,387,348.911971
-316.0,317,350.361598
-500.0,500,352.757127
-359.0,360,354.695765
-500.0,500,356.968744
-254.0,255,358.225836
-459.0,460,360.330006
-500.0,500,362.654209
-500.0,500,364.930925
-493.0,494,367.201103
-500.0,500,369.567291
-467.0,468,371.94352
-500.0,500,374.168176
-397.0,398,375.936815
-500.0,500,378.116965
-500.0,500,380.26722
-500.0,500,382.484373
-421.0,422,384.542013
-302.0,303,385.968612
-465.0,466,388.287475
-500.0,500,390.383121
-419.0,420,392.352762
-430.0,431,394.464312
-500.0,500,396.580304
-500.0,500,398.986801
-478.0,479,401.287062
-377.0,378,403.093183
-500.0,500,405.264464
-500.0,500,407.487119
-493.0,494,409.652391
-359.0,360,411.598277
-479.0,480,413.790428
-332.0,333,415.504126
-392.0,393,417.144839
-500.0,500,419.315086
-469.0,470,421.397105
-432.0,433,423.52088
-500.0,500,425.675101
-305.0,306,427.186108
-500.0,500,429.26915
-380.0,381,431.016695
-500.0,500,433.151681
-443.0,444,435.001104
-250.0,251,436.438474
-455.0,456,438.809926
-500.0,500,441.020236
-399.0,400,442.855327
-410.0,411,444.665123
-434.0,435,446.850623
-319.0,320,448.536379
-322.0,323,450.276014
-378.0,379,452.490098
-246.0,247,454.175431
-311.0,312,455.943091
-223.0,224,457.209219
-401.0,402,459.200865
-256.0,257,460.626961
-129.0,130,461.547529
-189.0,190,462.619104
-356.0,357,464.4635
-209.0,210,465.849593
-282.0,283,467.378206
-268.0,269,468.770311
-306.0,307,470.486701
-302.0,303,472.315322
-295.0,296,473.877012
-216.0,217,475.250004
-309.0,310,476.733002
-307.0,308,478.58063
-189.0,190,480.004009
-393.0,394,481.760629
-260.0,261,483.178737
-316.0,317,484.977862
-328.0,329,486.629916
-450.0,451,488.865167
-316.0,317,490.396844
-288.0,289,492.331009
-257.0,258,493.890109
-242.0,243,495.440212
-271.0,272,497.045318
-164.0,165,498.370414
-199.0,200,499.661018
-234.0,235,501.160616
-127.0,128,502.288693
-181.0,182,503.624783
-152.0,153,504.62185
-190.0,191,505.686418
-193.0,194,507.20952
-208.0,209,508.479106
-205.0,206,509.699185
-123.0,124,510.789761
-235.0,236,512.293269
-169.0,170,513.316335
-208.0,209,514.827859
-196.0,197,516.119854
-258.0,259,517.969579
-204.0,205,519.457003
-273.0,274,521.007106
-237.0,238,522.491213
-159.0,160,523.645911
-209.0,210,525.214015
-206.0,207,526.430096
-164.0,165,527.614104
-166.0,167,528.658172
-195.0,196,530.020833
-140.0,141,531.148013
-147.0,148,532.150078
-184.0,185,533.221646
-156.0,157,534.751238
-293.0,294,536.42535
-147.0,148,537.390413
-144.0,145,538.375477
-125.0,126,539.524551
-145.0,146,540.654122
-240.0,241,542.24413
-157.0,158,543.68223
-202.0,203,544.971967
-158.0,159,545.851522
-204.0,205,547.363625
-205.0,206,548.664208
-167.0,168,550.081809
-161.0,162,551.187896
-123.0,124,552.050954
-144.0,145,552.989022
-118.0,119,554.131594
-137.0,138,555.196686
-159.0,160,556.60778
-126.0,127,557.670848
-154.0,155,558.893435
-132.0,133,559.955051
-255.0,256,561.499162
-158.0,159,562.648496
-192.0,193,563.872084
-232.0,233,565.331364
-142.0,143,566.479448
-132.0,133,567.754811
-121.0,122,568.999397
-187.0,188,570.364987
-143.0,144,571.393066
-135.0,136,572.370628
-143.0,144,573.460207
-153.0,154,574.477778
-132.0,133,575.701363
-163.0,164,577.024949
-199.0,200,578.132523
-176.0,177,579.432734
-176.0,177,580.726805
-113.0,114,581.642524
-148.0,149,582.634154
-99.0,100,583.670102
-134.0,135,584.684928
-88.0,89,585.560413
-129.0,130,586.563092
-133.0,134,587.660976
-147.0,148,588.899478
-132.0,133,589.790862
-169.0,170,590.78143
-140.0,141,591.885018
-163.0,164,593.428626
-177.0,178,594.854725
-131.0,132,595.803305
-105.0,106,596.664363
-210.0,211,598.075479
-151.0,152,599.486592
-130.0,131,600.719678
-134.0,135,601.893763
-112.0,113,602.897835
-99.0,100,603.07085
-169.0,170,604.460611
-103.0,104,605.494195
-89.0,90,605.649701
-110.0,111,606.634769
-105.0,106,607.682345
-131.0,132,608.628412
-153.0,154,609.628097
-137.0,138,610.741275
-99.0,100,611.829693
-144.0,145,612.770255
-151.0,152,613.803823
-116.0,117,615.100914
-162.0,163,616.578734
-169.0,170,617.837967
-142.0,143,618.886544
-150.0,151,619.881225
-107.0,108,620.944795
-104.0,105,621.907871
-95.0,96,622.854438
-107.0,108,623.040452
-184.0,185,624.352558
-146.0,147,625.28013
-88.0,89,626.157694
-138.0,139,627.265783
-123.0,124,628.263861
-116.0,117,629.362445
-114.0,115,630.550551
-85.0,86,630.701566
-176.0,177,632.065662
-136.0,137,633.217743
-104.0,105,634.39183
-137.0,138,635.808437
-119.0,120,637.05453
-96.0,97,637.220545
-125.0,126,638.367131
-116.0,117,639.464219
-125.0,126,640.637315
-119.0,120,641.585889
-129.0,130,642.723976
-121.0,122,643.84407
-81.0,82,644.790146
-109.0,110,645.824222
-94.0,95,645.98924
-104.0,105,646.834303
-84.0,85,647.77938
-120.0,121,648.806959
-113.0,114,649.830042
-100.0,101,650.007056
-118.0,119,651.291147
-86.0,87,652.445274
-105.0,106,653.33183
-115.0,116,654.257544
-114.0,115,655.299862
-116.0,117,656.321925
-117.0,118,657.408498
-91.0,92,657.565004
-97.0,98,658.696082
-89.0,90,659.600145
-138.0,139,660.767719
-107.0,108,661.784783
-138.0,139,662.944858
-116.0,117,663.951431
-156.0,157,665.271011
-115.0,116,666.261075
-115.0,116,667.304794
-121.0,122,668.338858
-116.0,117,669.488445
-109.0,110,669.676962
-145.0,146,671.053329
-121.0,122,672.066396
-124.0,125,673.472988
-110.0,111,673.663
-105.0,106,674.95458
-91.0,92,675.89964
-90.0,91,676.823198
-93.0,94,676.985705
-128.0,129,677.983272
-119.0,120,679.138346
-96.0,97,680.281915
-97.0,98,681.163974
-118.0,119,682.175037
-99.0,100,683.051712
-176.0,177,684.266322
-131.0,132,685.161519
-89.0,90,686.057627
-139.0,140,687.34983
-150.0,151,688.502113
-96.0,97,689.447673
-119.0,120,690.613557
-176.0,177,691.93512
-106.0,107,692.851777
-99.0,100,693.815036
-129.0,130,694.934763
-113.0,114,695.995186
-128.0,129,697.416809
-126.0,127,698.757108
-117.0,118,698.957303
-110.0,111,700.129439
-92.0,93,701.331151
-125.0,126,702.264715
-93.0,94,703.177272
-162.0,163,704.27535
-87.0,88,705.247415
-116.0,117,706.321991
-98.0,99,706.490499
-115.0,116,707.559073
-145.0,146,708.845622
-86.0,87,709.954193
-109.0,110,710.845079
-104.0,105,711.741746
-125.0,126,712.809633
-105.0,106,713.805279
-88.0,89,713.957785
-93.0,94,714.834955
-104.0,105,715.806378
-110.0,111,716.739243
-117.0,118,717.777336
-134.0,135,718.93824
-118.0,119,720.002188
-108.0,109,721.070255
-91.0,92,721.229269
-106.0,107,722.218336
-83.0,84,723.122896
-125.0,126,724.30072
-81.0,82,724.439226
-87.0,88,725.366787
-106.0,107,726.269346
-81.0,82,727.128905
-133.0,134,728.393492
-140.0,141,729.511592
-130.0,131,730.682138
-96.0,97,730.846152
-107.0,108,731.771626
-95.0,96,732.798598
-113.0,114,733.785626
-101.0,102,734.717693
-103.0,104,735.768763
-96.0,97,735.932667
-99.0,100,736.94155
-81.0,82,737.764608
-108.0,109,738.890079
-111.0,112,739.081091
-89.0,90,740.145794
-102.0,103,741.06882
-92.0,93,741.940379
-121.0,122,743.002646
-106.0,107,743.183153
-98.0,99,744.24823
-104.0,105,745.416909
-102.0,103,746.329471
-115.0,116,747.239033
-121.0,122,748.287197
-113.0,114,749.357772
-101.0,102,749.531785
-140.0,141,750.895654
-121.0,122,751.104365
-93.0,94,752.459762
-120.0,121,753.427639
-120.0,121,754.518214
-87.0,88,755.448775
-111.0,112,756.320508
-88.0,89,756.471014
-93.0,94,757.431086
-106.0,107,758.22414
-117.0,118,759.175355
-112.0,113,760.242172
-115.0,116,761.25381
-95.0,96,761.417824
-98.0,99,762.555396
-106.0,107,763.447962
-174.0,175,764.473531
-128.0,129,765.718116
-92.0,93,766.937198
-99.0,100,767.85176
-95.0,96,768.710825
-144.0,145,769.880942
-93.0,94,770.966517
-118.0,119,771.16753
-80.0,81,772.381784
-85.0,86,773.288346
-91.0,92,773.443359
-110.0,111,774.425237
-122.0,123,775.552811
-136.0,137,776.779289
-89.0,90,777.963369
-99.0,100,778.858928
-113.0,114,779.739997
-112.0,113,780.636061
-89.0,90,780.789568
-139.0,140,781.907647
-105.0,106,783.105727
-116.0,117,784.107299
-90.0,91,784.941354
-139.0,140,786.036928
-83.0,84,786.889986
-85.0,86,787.036999
-75.0,76,788.074499
-105.0,106,788.939061
-108.0,109,790.060637
-132.0,133,791.387225
-98.0,99,791.555239
-86.0,87,792.712824
-99.0,100,793.605371
-92.0,93,794.519866
-96.0,97,794.686372
-100.0,101,795.798425
-91.0,92,796.748855
-90.0,91,797.504394
-93.0,94,797.663406
-77.0,78,798.495894
-105.0,106,799.412958
-78.0,79,799.545465
-105.0,106,800.328637
-128.0,129,801.266202
-103.0,104,802.262267
-84.0,85,803.128834
-93.0,94,803.289341
-92.0,93,804.256913
-102.0,103,805.213548
-83.0,84,806.014909
-116.0,117,806.212923
-83.0,84,807.227991
-94.0,95,808.225565
-81.0,82,809.111126
-82.0,83,809.253633
-109.0,110,810.035686
-78.0,79,810.864739
-77.0,78,810.997247
-119.0,120,811.937312
-102.0,103,812.936883
-98.0,99,813.816442
-85.0,86,813.961949
-80.0,81,814.853507
-99.0,100,815.745066
-88.0,89,816.526625
-84.0,85,816.673132
-83.0,84,817.483122
-85.0,86,818.47319
-78.0,79,818.606699
-94.0,95,819.549763
-89.0,90,820.448828
-96.0,97,820.614841
-110.0,111,821.855923
-99.0,100,822.774486
-77.0,78,823.604542
-121.0,122,824.602077
-131.0,132,825.755738
-98.0,99,825.924752
-86.0,87,827.063508
-95.0,96,827.951581
-90.0,91,828.960231
-94.0,95,829.120244
-82.0,83,830.136315
-88.0,89,830.997927
-97.0,98,831.163939
-93.0,94,832.226662
-99.0,100,833.10566
-96.0,97,834.082161
-106.0,107,834.263161
-82.0,83,835.351652
-92.0,93,836.403155
-94.0,95,837.258644
-68.0,69,837.37715
-93.0,94,838.22364
-99.0,100,839.173143
-97.0,98,839.338142
-132.0,133,840.285134
-64.0,65,841.530774
-83.0,84,842.410333
-63.0,64,842.520843
-100.0,101,843.310933
-99.0,100,844.278
-95.0,96,844.442015
-96.0,97,845.545467
-89.0,90,846.478031
-82.0,83,847.399592
-94.0,95,847.560604
-65.0,66,848.591828
-102.0,103,849.48339
-84.0,85,849.627403
-96.0,97,850.611576
-112.0,113,851.54193
-97.0,98,852.472388
-95.0,96,852.635401
-84.0,85,853.602611
-73.0,74,854.465173
-119.0,120,855.562746
-62.0,63,855.670253
-63.0,64,856.420811
-100.0,101,856.592319
-93.0,94,857.674894
-78.0,79,858.575455
-82.0,83,858.717468
-82.0,83,859.669029
-91.0,92,860.506589
-101.0,102,861.616671
-75.0,76,861.746176
-98.0,99,862.683738
-73.0,74,863.579299
-62.0,63,863.685806
-92.0,93,864.668939
-105.0,106,865.725119
-97.0,98,865.890597
-100.0,101,866.929171
-90.0,91,867.768102
-62.0,63,867.874113
-132.0,133,868.774457
-101.0,102,869.825564
-115.0,116,870.91765
-96.0,97,871.87021
-87.0,88,872.020728
-81.0,82,873.026659
-69.0,70,874.00417
-94.0,95,874.165181
-63.0,64,875.108744
-108.0,109,875.93843
-106.0,107,877.124064
-106.0,107,877.302573
-102.0,103,878.435766
-111.0,112,879.526338
-90.0,91,880.427633
-94.0,95,881.373191
-96.0,97,881.536204
-96.0,97,882.513764
-84.0,85,883.497827
-63.0,64,883.606336
-62.0,63,884.341527
-70.0,71,884.461034
-63.0,64,885.259087
-98.0,99,886.186647
-102.0,103,886.364187
-86.0,87,887.467266
-83.0,84,888.371904
-94.0,95,888.531917
-85.0,86,889.65949
-76.0,77,890.503542
-109.0,110,891.575053
-93.0,94,891.734066
-106.0,107,892.670134
-86.0,87,893.725706
-101.0,102,894.735774
-104.0,105,894.913284
-104.0,105,896.233881
-95.0,96,897.358462
-95.0,96,898.24402
-98.0,99,899.129579
-84.0,85,899.273085
-103.0,104,900.391926
-64.0,65,901.257486
-90.0,91,901.411995
-95.0,96,902.428069
-92.0,93,903.313126
-100.0,101,904.41421
-117.0,118,904.615223
-99.0,100,905.722304
-111.0,112,906.775877
-95.0,96,907.644435
-80.0,81,907.780941
-122.0,123,908.804513
-81.0,82,910.151599
-94.0,95,911.083156
-101.0,102,912.072724
-90.0,91,912.228736
-73.0,74,913.193293
-98.0,99,914.04985
-82.0,83,914.193359
-70.0,71,914.991408
-71.0,72,915.114917
-101.0,102,916.102481
-79.0,80,917.075543
-152.0,153,918.112609
-95.0,96,918.953163
-83.0,84,919.095669
-79.0,80,919.997728
-90.0,91,920.86129
-71.0,72,920.983796
-76.0,77,921.866353
-73.0,74,922.715405
-81.0,82,922.855416
-63.0,64,923.730976
-83.0,84,923.873482
-107.0,108,924.772542
-112.0,113,925.950619
-94.0,95,926.82818
-86.0,87,926.974687
-96.0,97,927.970753
-72.0,73,928.938323
-63.0,64,929.047829
-64.0,65,929.84388
-72.0,73,929.967386
-110.0,111,930.805948
-64.0,65,931.811013
-104.0,105,932.915091
-113.0,114,933.108104
-84.0,85,934.221196
-81.0,82,935.07794
-109.0,110,936.02452
-112.0,113,937.144094
-103.0,104,937.320104
-65.0,66,938.370179
-136.0,137,939.22974
-107.0,108,940.160824
-74.0,75,940.288332
-111.0,112,941.152897
-63.0,64,942.314081
-95.0,96,942.481092
-86.0,87,943.662176
-73.0,74,944.480733
-66.0,67,944.595241
-89.0,90,945.416301
-72.0,73,946.284859
-114.0,115,946.479874
-75.0,76,947.510952
-94.0,95,948.428527
-147.0,148,949.36509
-95.0,96,950.249653
-129.0,130,951.314728
-74.0,75,951.443741
-75.0,76,952.300063
-116.0,117,953.298234
-73.0,74,953.427248
-83.0,84,954.233305
-80.0,81,955.116362
-84.0,85,955.263374
-89.0,90,956.187443
-74.0,75,957.065014
-134.0,135,958.326631
-112.0,113,959.537724
-100.0,101,959.709235
-74.0,75,960.729375
-95.0,96,961.671938
-122.0,123,962.823886
-94.0,95,962.986393
-78.0,79,963.937576
-114.0,115,964.852306
-76.0,77,964.982746
-97.0,98,965.860305
-64.0,65,966.865373
-101.0,102,967.904053
-123.0,124,969.131628
-93.0,94,969.293134
-70.0,71,970.338472
-63.0,64,970.448979
-75.0,76,971.215528
-82.0,83,971.995684
-73.0,74,972.123158
-63.0,64,972.892716
-73.0,74,973.018753
-73.0,74,973.913111
-76.0,77,974.043454
-82.0,83,974.853509
-73.0,74,975.733071
-64.0,65,975.843577
-73.0,74,976.656207
-72.0,73,976.783714
-62.0,63,977.708273
-73.0,74,977.836286
-64.0,65,978.703295
-94.0,95,979.714963
-63.0,64,979.825469
-65.0,66,980.585599
-96.0,97,980.752612
-76.0,77,981.652173
-74.0,75,982.534655
-70.0,71,982.658163
-145.0,146,983.635702
-101.0,102,984.775074
-97.0,98,985.685623
-89.0,90,986.764737
-110.0,111,986.95475
-145.0,146,988.494851
-64.0,65,988.606359
-85.0,86,989.476445
-91.0,92,989.634459
-92.0,93,990.761041
-122.0,123,991.741108
-108.0,109,992.721918
-87.0,88,993.595474
-92.0,93,993.756489
-86.0,87,994.814555
-160.0,161,995.832624
-64.0,65,996.881173
-91.0,92,997.899076
-109.0,110,998.086047
-110.0,111,999.420602
-84.0,85,1000.432552
-71.0,72,1001.285607
-85.0,86,1001.43462
-91.0,92,1002.330719
-88.0,89,1003.303281
-148.0,149,1004.693878
-75.0,76,1004.823388
-66.0,67,1005.670946
-90.0,91,1006.60811
-94.0,95,1006.774764
-107.0,108,1007.741896
-190.0,191,1009.158836
-96.0,97,1009.326345
-78.0,79,1010.262944
-108.0,109,1011.16025
-86.0,87,1012.029905
-123.0,124,1013.311659
-173.0,174,1014.631431
-79.0,80,1015.540042
-89.0,90,1015.69355
-102.0,103,1016.734466
-105.0,106,1017.658028
-106.0,107,1018.712096
-121.0,122,1019.850177
-85.0,86,1019.998682
-135.0,136,1021.131674
-94.0,95,1022.167247
-92.0,93,1022.967301
-109.0,110,1023.894862
-86.0,87,1024.042876
-93.0,94,1025.158127
-71.0,72,1026.024185
-72.0,73,1026.148196
-86.0,87,1027.090876
-72.0,73,1027.908669
-64.0,65,1028.020179
-91.0,92,1028.921447
-71.0,72,1029.045458
-86.0,87,1029.889145
-121.0,122,1030.806629
-87.0,88,1031.695705
-74.0,75,1031.822212
-86.0,87,1032.744863
-123.0,124,1033.598918
-71.0,72,1033.721429
-64.0,65,1034.572989
-116.0,117,1035.548063
-90.0,91,1036.577636
-120.0,121,1036.785218
-87.0,88,1037.828289
-83.0,84,1038.837625
-64.0,65,1038.948133
-94.0,95,1039.765186
-85.0,86,1040.630746
-78.0,79,1040.765758
-107.0,108,1041.762372
-115.0,116,1042.84252
-111.0,112,1043.724575
-78.0,79,1044.583646
-93.0,94,1044.743659
-72.0,73,1045.87058
-72.0,73,1045.995087
-109.0,110,1046.924649
-110.0,111,1047.985954
-76.0,77,1048.830518
-86.0,87,1048.979529
-64.0,65,1049.920091
-84.0,85,1050.800454
-105.0,106,1050.981467
-62.0,63,1051.974533
-62.0,63,1052.08304
-94.0,95,1052.962101
-123.0,124,1054.025757
-90.0,91,1054.959821
-70.0,71,1055.081328
-90.0,91,1055.953887
-64.0,65,1056.804445
-89.0,90,1056.959459
-64.0,65,1057.764513
-94.0,95,1058.688817
-91.0,92,1058.84583
-71.0,72,1059.911441
-99.0,100,1060.825785
-63.0,64,1060.935293
-121.0,122,1061.814851
-84.0,85,1062.629908
-82.0,83,1062.770919
-82.0,83,1063.740646
-75.0,76,1064.569206
-77.0,78,1064.702713
-73.0,74,1065.495766
-104.0,105,1066.443836
-145.0,146,1067.805409
-150.0,151,1068.917841
-73.0,74,1069.769381
-186.0,187,1071.056833
-85.0,86,1072.006408
-71.0,72,1072.128917
-63.0,64,1072.910417
-90.0,91,1073.805819
-108.0,109,1073.990831
-70.0,71,1075.070924
-92.0,93,1075.975485
-88.0,89,1076.125991
-122.0,123,1077.142069
-63.0,64,1078.071628
-82.0,83,1078.213134
-71.0,72,1079.1792
-85.0,86,1080.044331
-77.0,78,1080.176837
-79.0,80,1081.120901
-84.0,85,1082.091969
-102.0,103,1082.268982
-76.0,77,1083.439555
-107.0,108,1084.463634
-84.0,85,1084.610141
-99.0,100,1085.630214
-63.0,64,1086.620793
-72.0,73,1086.74581
-73.0,74,1087.680374
-72.0,73,1087.80788
-70.0,71,1088.655546
-65.0,66,1089.522601
-70.0,71,1089.643615
-63.0,64,1090.438165
-98.0,99,1090.604859
-74.0,75,1091.600458
-62.0,63,1091.706966
-96.0,97,1092.565991
-100.0,101,1093.711627
-100.0,101,1094.584979
-63.0,64,1094.692487
-62.0,63,1095.361253
-62.0,63,1095.468401
-100.0,101,1096.293256
-83.0,84,1097.156014
-82.0,83,1097.29752
-84.0,85,1098.224522
-97.0,98,1099.107947
-98.0,99,1100.044913
-127.0,128,1101.472553
-97.0,98,1101.640062
-63.0,64,1102.666952
-73.0,74,1102.792046
-73.0,74,1103.680632
-74.0,75,1104.533153
-70.0,71,1104.653758
-96.0,97,1105.527472
-79.0,80,1106.431362
-125.0,126,1107.565679
-74.0,75,1107.693185
-90.0,91,1108.643823
-74.0,75,1108.771425
-109.0,110,1109.684833
-129.0,130,1110.7349
-75.0,76,1111.796212
-97.0,98,1112.648769
-62.0,63,1112.75778
-74.0,75,1113.493844
-96.0,97,1113.657762
-81.0,82,1114.632321
-93.0,94,1115.449879
-121.0,122,1116.487849
-81.0,82,1116.628357
-148.0,149,1117.840585
-85.0,86,1117.986243
-72.0,73,1118.871424
-62.0,63,1118.979919
-86.0,87,1119.820102
-92.0,93,1120.684444
-85.0,86,1120.83159
-101.0,102,1121.714138
-81.0,82,1122.622364
-71.0,72,1122.744406
-72.0,73,1123.486109
-73.0,74,1124.330322
-73.0,74,1124.456921
-72.0,73,1125.305976
-91.0,92,1125.460694
-103.0,104,1126.478761
-89.0,90,1127.479387
-102.0,103,1128.339585
-72.0,73,1128.462157
-82.0,83,1129.410716
-76.0,77,1130.240456
-64.0,65,1130.353962
-94.0,95,1131.145018
-63.0,64,1131.256029
-81.0,82,1132.012576
-82.0,83,1132.841131
-71.0,72,1132.963142
-83.0,84,1133.728795
-112.0,113,1134.565128
-63.0,64,1134.672315
-91.0,92,1135.466572
-90.0,91,1136.310529
-153.0,154,1137.412374
-98.0,99,1138.32628
-63.0,64,1138.434789
-72.0,73,1139.164111
-107.0,108,1140.21629
-84.0,85,1140.360806
-73.0,74,1141.274406
-63.0,64,1141.384913
-73.0,74,1142.094044
-94.0,95,1143.053114
-101.0,102,1143.226759
-73.0,74,1144.301887
-106.0,107,1145.198699
-99.0,100,1145.993984
-108.0,109,1146.17948
-106.0,107,1147.371058
-89.0,90,1148.338665
-89.0,90,1149.223949
-81.0,82,1149.363442
-73.0,74,1150.094395
-75.0,76,1150.223903
-96.0,97,1151.128133
-71.0,72,1152.153145
-64.0,65,1152.263652
-76.0,77,1153.062965
-86.0,87,1153.915271
-63.0,64,1154.025777
-62.0,63,1154.787008
-63.0,64,1154.894049
-101.0,102,1155.70129
-118.0,119,1156.67936
-71.0,72,1156.800867
-63.0,64,1157.627427
-75.0,76,1157.755937
-84.0,85,1158.534992
-101.0,102,1159.458105
-73.0,74,1160.366797
-63.0,64,1160.476303
-77.0,78,1161.303358
-73.0,74,1161.42637
-103.0,104,1162.325696
-100.0,101,1163.195259
-84.0,85,1163.339764
-75.0,76,1164.359833
-70.0,71,1165.235646
-73.0,74,1165.362156
-71.0,72,1166.195992
-74.0,75,1166.325188
-103.0,104,1167.223125
-94.0,95,1168.174859
-107.0,108,1169.10532
-62.0,63,1169.212827
-72.0,73,1169.985144
-206.0,207,1171.215225
-109.0,110,1172.457308
-96.0,97,1173.505883
-85.0,86,1174.367863
-97.0,98,1174.532875
-73.0,74,1175.406437
-74.0,75,1176.243492
-63.0,64,1176.350999
-94.0,95,1177.0961
-64.0,65,1177.206607
-64.0,65,1177.920367
-74.0,75,1178.047381
-84.0,85,1178.863438
-73.0,74,1179.867471
-106.0,107,1180.775537
-106.0,107,1180.957047
-90.0,91,1182.069658
-155.0,156,1183.141335
-93.0,94,1184.32142
-82.0,83,1185.178982
-72.0,73,1185.302061
-76.0,77,1186.208084
-105.0,106,1187.182152
-70.0,71,1187.301658
-106.0,107,1188.072715
-137.0,138,1189.043847
-88.0,89,1190.021261
-85.0,86,1190.942822
-109.0,110,1191.130836
-97.0,98,1192.361411
-94.0,95,1193.310136
-122.0,123,1194.211202
-71.0,72,1194.333708
-86.0,87,1195.085761
-164.0,165,1196.115798
-158.0,159,1197.608976
-80.0,81,1197.747289
-81.0,82,1198.499283
-71.0,72,1198.622788
-158.0,159,1199.826785
-73.0,74,1199.954971
-71.0,72,1200.739809
-94.0,95,1201.601563
-189.0,190,1202.883898
-77.0,78,1203.82346
-104.0,105,1204.937875
-78.0,79,1205.072886
-94.0,95,1206.052023
-103.0,104,1207.02847
-127.0,128,1208.188151
-85.0,86,1208.333658
-79.0,80,1209.289337
-106.0,107,1210.192166
-72.0,73,1210.316673
-73.0,74,1211.185235
-71.0,72,1212.007289
-86.0,87,1212.156796
-87.0,88,1213.104524
-92.0,93,1213.96998
-83.0,84,1214.113617
-118.0,119,1214.989179
-71.0,72,1215.987247
-87.0,88,1216.137753
-166.0,167,1217.455341
-71.0,72,1217.578852
-64.0,65,1218.430905
-104.0,105,1219.341464
-65.0,66,1219.45397
-107.0,108,1220.242023
-130.0,131,1221.215093
-62.0,63,1222.026648
-85.0,86,1222.173156
-84.0,85,1223.122219
-110.0,111,1224.156284
-100.0,101,1225.121351
-83.0,84,1225.264859
-152.0,153,1226.379447
-94.0,95,1227.500017
-93.0,94,1228.562084
-91.0,92,1229.548741
-110.0,111,1229.737668
-63.0,64,1230.926667
-80.0,81,1231.747664
-105.0,106,1231.928703
-69.0,70,1232.95366
-117.0,118,1233.868654
-71.0,72,1233.991657
-63.0,64,1234.862655
-165.0,166,1235.927142
-63.0,64,1236.895138
-96.0,97,1237.060644
-97.0,98,1238.085641
-93.0,94,1239.023131
-85.0,86,1239.894633
-69.0,70,1240.013127
-84.0,85,1240.854123
-109.0,110,1241.821622
-87.0,88,1241.971122
-85.0,86,1242.880116
-73.0,74,1243.693113
-85.0,86,1243.839619
-78.0,79,1244.586616
-95.0,96,1245.466624
-74.0,75,1245.593636
-100.0,101,1246.557196
-64.0,65,1247.38676
-121.0,122,1248.667842
-62.0,63,1248.773348
-70.0,71,1249.578425
-126.0,127,1250.908451
-94.0,95,1251.070961
-169.0,170,1252.358595
-108.0,109,1253.604695
-71.0,72,1253.727203
-71.0,72,1254.582764
-96.0,97,1254.746273
-77.0,78,1255.853846
-100.0,101,1256.731406
-75.0,76,1256.859913
-70.0,71,1257.810479
-71.0,72,1258.642537
-89.0,90,1258.794551
-92.0,93,1259.69311
-81.0,82,1260.558161
-63.0,64,1260.67167
-71.0,72,1261.475229
-85.0,86,1261.622992
-96.0,97,1262.519551
-92.0,93,1263.405111
-63.0,64,1263.513617
-87.0,88,1264.336668
-71.0,72,1265.174722
-72.0,73,1265.299733
-71.0,72,1266.155303
-77.0,78,1266.289315
-82.0,83,1267.302381
-82.0,83,1268.102437
-71.0,72,1268.22494
-94.0,95,1269.1215
-94.0,95,1270.082066
-111.0,112,1271.089132
-62.0,63,1271.195639
-98.0,99,1272.081197
-71.0,72,1272.202703
-113.0,114,1273.028769
-72.0,73,1274.040341
-123.0,124,1275.119914
-118.0,119,1276.225487
-71.0,72,1276.348996
-78.0,79,1277.092048
-71.0,72,1277.214555
-62.0,63,1278.062113
-63.0,64,1278.17162
-72.0,73,1278.993177
-84.0,85,1279.85623
-119.0,120,1280.972809
-72.0,73,1281.099819
-161.0,162,1282.173399
-82.0,83,1283.162464
-74.0,75,1283.97452
-95.0,96,1284.137531
-105.0,106,1285.157597
-97.0,98,1286.359202
-132.0,133,1287.307268
-97.0,98,1288.223828
-73.0,74,1288.350334
-134.0,135,1289.3104
-63.0,64,1290.384487
-133.0,134,1291.395555
-84.0,85,1292.264179
-71.0,72,1292.386193
-124.0,125,1293.361753
-84.0,85,1294.283329
-71.0,72,1294.405835
-71.0,72,1295.25189
-81.0,82,1296.105453
-103.0,104,1296.283471
-104.0,105,1297.436547
-77.0,78,1298.553123
-63.0,64,1298.66163
-70.0,71,1299.451376
-83.0,84,1300.278433
-94.0,95,1300.440444
-100.0,101,1301.259498
-100.0,101,1302.136564
-83.0,84,1302.881617
-71.0,72,1303.006124
-63.0,64,1303.862178
-93.0,94,1304.022192
-97.0,98,1305.074261
-78.0,79,1305.845836
-70.0,71,1305.966344
-156.0,157,1307.122421
-85.0,86,1307.267929
-71.0,72,1308.068981
-62.0,63,1308.176488
-79.0,80,1308.888541
-82.0,83,1309.810421
-63.0,64,1309.920926
-92.0,93,1310.779879
-122.0,123,1312.065066
-82.0,83,1312.207079
-85.0,86,1313.15564
-142.0,143,1314.128212
-82.0,83,1315.14828
-95.0,96,1316.192859
-61.0,62,1316.299366
-103.0,104,1317.181423
-90.0,91,1318.068492
-70.0,71,1318.191507
-62.0,63,1319.057207
-110.0,111,1319.248219
-71.0,72,1320.17078
-70.0,71,1321.030463
-71.0,72,1321.15697
-100.0,101,1322.134553
-97.0,98,1323.071115
-125.0,126,1324.098688
-125.0,126,1325.135758
-97.0,98,1325.301771
-73.0,74,1326.372344
-76.0,77,1327.220901
-89.0,90,1327.375409
-96.0,97,1328.344474
-98.0,99,1329.293541
-84.0,85,1330.237605
-62.0,63,1330.345112
-62.0,63,1330.452617
-109.0,110,1331.361178
-82.0,83,1332.330243
-74.0,75,1333.185801
-88.0,89,1333.340308
-97.0,98,1334.328874
-62.0,63,1335.157694
-72.0,73,1335.282203
-152.0,153,1336.288781
-74.0,75,1337.311878
-83.0,84,1338.216939
-63.0,64,1338.326445
-92.0,93,1339.144499
-146.0,147,1340.189071
-97.0,98,1341.079124
-85.0,86,1341.229136
-63.0,64,1342.129195
-88.0,89,1343.11626
-107.0,108,1343.302273
-63.0,64,1344.419545
-113.0,114,1345.387111
-71.0,72,1345.51062
-130.0,131,1346.455181
-107.0,108,1347.490679
-165.0,166,1348.764762
-76.0,77,1348.897774
-117.0,118,1349.832837
-64.0,65,1350.741159
-93.0,94,1350.90213
-71.0,72,1352.091016
-63.0,64,1352.200522
-83.0,84,1352.998572
-92.0,93,1353.908547
-104.0,105,1355.032117
-87.0,88,1355.183625
-64.0,65,1356.072827
-190.0,191,1357.268445
-96.0,97,1358.270775
-103.0,104,1359.190842
-71.0,72,1359.314348
-84.0,85,1360.197907
-76.0,77,1361.116464
-92.0,93,1361.277972
-88.0,89,1362.322647
-107.0,108,1363.237203
-107.0,108,1364.139761
-63.0,64,1364.249268
-63.0,64,1364.952813
-92.0,93,1365.114826
-90.0,91,1365.992889
-74.0,75,1367.009954
-72.0,73,1367.135461
-62.0,63,1367.822007
-73.0,74,1367.948514
-82.0,83,1368.767096
-83.0,84,1369.653126
-79.0,80,1369.791139
-74.0,75,1370.730698
-118.0,119,1371.696764
-93.0,94,1372.676324
-89.0,90,1372.830335
-63.0,64,1373.696796
-72.0,73,1373.821269
-73.0,74,1374.756828
-144.0,145,1375.738895
-62.0,63,1376.520952
-71.0,72,1376.644459
-72.0,73,1377.380785
-100.0,101,1377.553022
-111.0,112,1378.382104
-99.0,100,1379.411667
-62.0,63,1380.44755
-114.0,115,1381.620429
-62.0,63,1381.729456
-62.0,63,1382.553829
-62.0,63,1382.663051
-72.0,73,1383.49964
-82.0,83,1383.641739
-69.0,70,1384.638027
-62.0,63,1384.747213
-72.0,73,1385.498013
-164.0,165,1386.401916
-86.0,87,1387.338921
-73.0,74,1387.466428
-62.0,63,1388.279484
-93.0,94,1389.221551
-62.0,63,1389.331057
-74.0,75,1390.106387
-85.0,86,1390.254895
-74.0,75,1391.216099
-72.0,73,1392.070153
-84.0,85,1392.215167
-91.0,92,1393.268065
-118.0,119,1394.244523
-115.0,116,1395.296095
-123.0,124,1396.4352
-71.0,72,1396.557707
-81.0,82,1397.433008
-64.0,65,1397.544858
-63.0,64,1398.324925
-94.0,95,1399.129972
-105.0,106,1399.310992
-74.0,75,1400.423944
-63.0,64,1401.337054
-83.0,84,1401.47999
-89.0,90,1402.403578
-85.0,86,1403.282551
-109.0,110,1403.469341
-73.0,74,1404.614007
-104.0,105,1405.522844
-83.0,84,1406.302482
-84.0,85,1406.448577
-70.0,71,1407.471704
-72.0,73,1407.596214
-63.0,64,1408.396163
-110.0,111,1409.517758
-65.0,66,1409.629773
-64.0,65,1410.418738
-107.0,108,1411.400088
-124.0,125,1412.645594
-62.0,63,1412.752807
-72.0,73,1413.595107
-64.0,65,1413.706359
-72.0,73,1414.516701
-98.0,99,1414.68685
-62.0,63,1415.525879
-89.0,90,1416.426877
-63.0,64,1416.535384
-94.0,95,1417.415227
-73.0,74,1417.541245
-75.0,76,1418.308933
-83.0,84,1419.172657
-147.0,148,1420.396309
-131.0,132,1421.261414
-96.0,97,1422.208268
-71.0,72,1422.331774
-72.0,73,1423.236334
-72.0,73,1423.36084
-72.0,73,1424.218402
-63.0,64,1424.327909
-71.0,72,1425.10497
-95.0,96,1425.993037
-91.0,92,1426.151047
-71.0,72,1427.086612
-83.0,84,1427.960946
-71.0,72,1428.085108
-107.0,108,1428.99767
-101.0,102,1429.901999
-72.0,73,1430.030203
-97.0,98,1430.825387
-64.0,65,1431.779908
-64.0,65,1431.890949
-111.0,112,1432.72254
-91.0,92,1433.607328
-85.0,86,1433.753837
-72.0,73,1434.652232
-73.0,74,1435.537144
-71.0,72,1435.65965
-93.0,94,1436.581934
-72.0,73,1437.467501
-95.0,96,1437.630125
-65.0,66,1438.711259
-72.0,73,1438.836386
-64.0,65,1439.650085
-94.0,95,1440.543888
-72.0,73,1440.671965
-122.0,123,1441.701896
-104.0,105,1442.649996
-73.0,74,1443.531557
-63.0,64,1443.642063
-112.0,113,1444.557131
-95.0,96,1445.516386
-64.0,65,1445.627617
-107.0,108,1446.481671
-169.0,170,1447.490741
-107.0,108,1448.560316
-63.0,64,1449.355468
-65.0,66,1449.468975
-73.0,74,1450.265995
-63.0,64,1450.374502
-152.0,153,1451.305064
-96.0,97,1452.585704
-115.0,116,1453.763291
-64.0,65,1454.558176
-71.0,72,1454.679683
-70.0,71,1455.51725
-74.0,75,1455.644756
-86.0,87,1456.493812
-92.0,93,1457.397811
-71.0,72,1457.521813
-96.0,97,1458.470287
-98.0,99,1459.352807
-95.0,96,1460.414804
-122.0,123,1461.619793
-62.0,63,1461.726928
-119.0,120,1462.598794
-72.0,73,1463.450284
-71.0,72,1463.571791
-81.0,82,1464.44728
-64.0,65,1464.556787
-87.0,88,1465.385287
-103.0,104,1466.32978
-63.0,64,1466.439273
-82.0,83,1467.22427
-96.0,97,1468.199774
-64.0,65,1468.310268
-63.0,64,1469.005244
-63.0,64,1469.113751
-101.0,102,1469.955379
-91.0,92,1470.845942
-95.0,96,1471.012451
-119.0,120,1472.057085
-80.0,81,1473.24973
-63.0,64,1474.068944
-334.0,335,1476.009578
-121.0,122,1476.865138
-127.0,128,1477.806128
-117.0,118,1478.833701
-71.0,72,1479.684757
-64.0,65,1479.794264
-114.0,115,1480.650826
-84.0,85,1481.497382
-62.0,63,1481.604498
-76.0,77,1482.416684
-72.0,73,1482.539193
-63.0,64,1483.408269
-100.0,101,1484.224418
-98.0,99,1484.391925
-71.0,72,1485.440215
-88.0,89,1486.31427
-271.0,272,1487.93644
-123.0,124,1489.003126
-90.0,91,1489.157138
-94.0,95,1490.094204
-88.0,89,1491.139779
-89.0,90,1492.093136
-86.0,87,1492.239149
-99.0,100,1493.311214
-85.0,86,1494.169883
-88.0,89,1494.322898
-71.0,72,1495.184622
-86.0,87,1496.074162
-62.0,63,1496.181668
-71.0,72,1496.884744
-89.0,90,1497.039666
-103.0,104,1498.004157
-62.0,63,1498.955151
-102.0,103,1500.045147
-90.0,91,1500.200653
-89.0,90,1501.120649
-70.0,71,1501.240142
-72.0,73,1502.108647
-62.0,63,1502.923136
-93.0,94,1503.084641
-75.0,76,1504.031637
-101.0,102,1504.907637
-94.0,95,1505.069649
-64.0,65,1506.037105
-72.0,73,1506.164611
-72.0,73,1507.071121
-91.0,92,1507.946831
-91.0,92,1508.10534
-91.0,92,1509.159963
-96.0,97,1510.208859
-93.0,94,1511.116423
-61.0,62,1511.223434
-114.0,115,1511.995982
-77.0,78,1512.837544
-71.0,72,1512.961051
-84.0,85,1513.804139
-82.0,83,1514.582196
-74.0,75,1514.709705
-63.0,64,1515.529263
-77.0,78,1515.659403
-71.0,72,1516.558966
-72.0,73,1516.682472
-62.0,63,1517.433642
-75.0,76,1517.562149
-92.0,93,1518.37722
-80.0,81,1519.4283
-82.0,83,1519.569807
-93.0,94,1520.419389
-82.0,83,1521.518084
-92.0,93,1522.537657
-92.0,93,1522.697163
-72.0,73,1523.754565
-84.0,85,1524.602621
-70.0,71,1524.722634
-63.0,64,1525.553193
-88.0,89,1525.704226
-130.0,131,1526.814803
-73.0,74,1527.851377
-82.0,83,1528.747308
-75.0,76,1528.874815
-89.0,90,1529.737399
-73.0,74,1529.862905
-73.0,74,1530.62296
-83.0,84,1531.487013
-90.0,91,1531.641027
-63.0,64,1532.511737
-107.0,108,1533.498818
-64.0,65,1533.610327
-64.0,65,1534.436137
-106.0,107,1535.475204
-85.0,86,1535.619713
-109.0,110,1536.619781
-98.0,99,1537.601019
-101.0,102,1538.545089
-72.0,73,1538.667593
-106.0,107,1539.661661
-90.0,91,1540.495714
-85.0,86,1540.642727
-89.0,90,1541.555793
-86.0,87,1542.547407
-91.0,92,1543.331462
-114.0,115,1543.526475
-135.0,136,1544.814559
-84.0,85,1544.95857
-72.0,73,1545.884145
-106.0,107,1547.020725
-101.0,102,1547.191735
-82.0,83,1548.138804
-129.0,130,1549.106367
-105.0,106,1550.057508
-94.0,95,1550.872561
-109.0,110,1551.060575
-79.0,80,1552.127148
-72.0,73,1553.016205
-72.0,73,1553.140216
-72.0,73,1553.958312
-91.0,92,1554.866872
-73.0,74,1554.992379
-88.0,89,1555.845959
-101.0,102,1556.836078
-63.0,64,1556.946586
-75.0,76,1557.704148
-82.0,83,1557.848162
-113.0,114,1558.90423
-74.0,75,1560.05431
-75.0,76,1560.182817
-119.0,120,1561.179884
-137.0,138,1562.475492
-84.0,85,1563.592065
-88.0,89,1564.541233
-65.0,66,1564.65474
-104.0,105,1565.506299
-103.0,104,1566.467504
-91.0,92,1567.353633
-72.0,73,1567.479139
-100.0,101,1568.439367
-87.0,88,1569.313887
-111.0,112,1570.308388
-116.0,117,1571.600852
-66.0,67,1571.720361
-101.0,102,1572.59574
-120.0,121,1573.663821
-83.0,84,1573.805327
-72.0,73,1574.533372
-135.0,136,1575.484368
-89.0,90,1576.290366
-74.0,75,1576.41954
-64.0,65,1577.326364
-94.0,95,1578.32536
-109.0,110,1578.51336
-99.0,100,1579.513356
-107.0,108,1580.595843
-73.0,74,1581.496841
-64.0,65,1581.608346
-63.0,64,1582.302837
-63.0,64,1582.411343
-73.0,74,1583.226343
-83.0,84,1583.36734
-63.0,64,1584.327336
-73.0,74,1584.452829
-79.0,80,1585.360332
-63.0,64,1586.186822
-102.0,103,1586.361824
-73.0,74,1587.388818
-86.0,87,1588.249321
-128.0,129,1589.419812
-76.0,77,1589.550326
-71.0,72,1590.521808
-83.0,84,1590.671806
-64.0,65,1591.654802
-62.0,63,1591.763308
-73.0,74,1592.604305
-126.0,127,1593.567791
-111.0,112,1594.469297
-99.0,100,1595.374788
-71.0,72,1595.496294
-72.0,73,1596.326293
-93.0,94,1597.227287
-123.0,124,1598.42489
-62.0,63,1598.532839
-63.0,64,1599.357847
-74.0,75,1599.485356
-105.0,106,1600.479431
-73.0,74,1601.327991
-92.0,93,1601.486001
-82.0,83,1602.533882
-72.0,73,1602.657902
-63.0,64,1603.554462
-75.0,76,1604.399515
-62.0,63,1604.506021
-71.0,72,1605.298074
-82.0,83,1605.439597
-92.0,93,1606.400836
-74.0,75,1607.241394
-72.0,73,1607.365902
-113.0,114,1608.369553
-103.0,104,1609.254623
-89.0,90,1610.2152
-83.0,84,1610.359211
-93.0,94,1611.398535
-72.0,73,1612.251095
-75.0,76,1612.381602
-71.0,72,1613.33167
-63.0,64,1613.440688
-115.0,116,1614.256821
-78.0,79,1615.134919
-75.0,76,1615.265424
-73.0,74,1616.147985
-94.0,95,1617.0882
-76.0,77,1617.220709
-94.0,95,1618.214838
-82.0,83,1619.11291
-90.0,91,1619.269923
-96.0,97,1620.28399
-90.0,91,1621.270057
-114.0,115,1622.386141
-75.0,76,1622.51765
-117.0,118,1623.413126
-73.0,74,1624.410193
-82.0,83,1624.551209
-63.0,64,1625.453275
-156.0,157,1626.509848
-134.0,135,1627.494917
-71.0,72,1628.538493
-102.0,103,1629.459396
-92.0,93,1629.616908
