#{"t_start": 1753261838.5099359, "env_id": "LunarLander-v3"}
r,l,t
-126.286961,122,0.216013
-148.297048,74,1.459602
-196.136212,80,2.422672
-73.538178,58,2.519179
-87.326029,71,3.335233
-80.213924,116,4.662332
-157.641065,60,4.761839
-195.972725,57,4.855347
-76.650099,112,5.810418
-133.155805,96,7.179125
-368.282356,84,8.166193
-201.30666,70,8.283702
-447.298279,98,9.232258
-223.25913,90,10.30379
-364.399621,81,10.439299
-471.274457,131,11.635443
-73.649174,67,12.742437
-136.92072,92,13.784507
-169.549189,118,15.167599
-68.694409,67,15.279105
-184.949505,107,16.301682
-316.437336,72,17.261748
-173.645698,85,17.402761
-97.152277,121,18.550335
-281.675594,94,19.740955
-385.343671,115,20.95513
-348.776004,96,22.206396
-250.947799,95,22.364902
-214.092943,117,23.547988
-279.986857,113,24.626091
-207.992176,113,25.755265
-336.89178,90,26.829432
-150.491544,61,26.932939
-256.348112,137,27.884502
-121.036928,91,28.77557
-38.088335,142,29.820152
-126.117748,90,30.793717
-247.674192,104,32.043305
-210.107979,80,32.17881
-60.223665,63,32.953367
-346.008055,111,34.294955
-236.397955,77,34.422966
-367.819569,92,35.30753
-15.035197,132,36.490112
-87.008706,65,36.599122
-242.789213,96,37.480687
-424.02644,83,38.391257
-182.027041,106,39.691846
-234.758468,125,41.140956
-138.741856,92,41.295463
-76.218042,75,42.272542
-107.54715,89,43.321116
-44.082052,65,43.430621
-105.284195,87,44.400781
-271.716196,159,45.674371
-108.758573,81,46.643439
-103.368381,91,46.794947
-75.614723,94,47.896517
-414.06569,79,48.837081
-51.113025,158,50.225211
-252.096272,94,51.215274
-288.9642,110,52.506447
-179.812249,86,52.650954
-340.076304,187,53.971042
-360.006471,90,54.120056
-272.534543,107,55.30715
-413.411393,113,56.49672
-155.405365,110,57.524792
-472.100965,113,58.581858
-206.259446,116,59.884439
-391.928559,88,60.033451
-57.168424,86,61.261033
-99.503406,77,62.197592
-407.99172,135,63.550676
-138.517851,122,64.879768
-181.310852,103,65.052787
-78.240402,66,65.994347
-136.385523,113,67.043914
-404.170242,97,68.048977
-322.835997,122,69.30056
-304.231832,103,69.472571
-302.852262,92,70.730683
-209.410959,113,71.808269
-187.547499,108,72.84084
-85.19091,95,73.945427
-203.964739,150,75.539044
-90.317815,110,76.820137
-104.753963,64,76.928644
-363.397587,130,77.891205
-134.669306,130,78.799768
-147.787946,67,79.891613
-450.698255,101,80.059623
-107.839206,61,81.223204
-184.648252,90,82.220271
-415.004824,89,82.369777
-369.084695,98,83.598863
-225.275038,70,84.579924
-200.833864,128,85.879012
-130.683034,90,86.029024
-86.239248,88,87.140194
-568.163626,150,88.264766
-470.342051,95,89.456352
-150.447008,118,90.446285
-552.268698,105,91.460351
-190.290147,82,91.595861
-84.806787,69,92.763942
-151.891827,84,93.834028
-372.306901,83,93.973535
-443.811201,96,95.200621
-606.208434,102,96.256198
-71.779181,102,97.391289
-403.82058,113,97.584303
-68.838206,79,99.039949
-327.412053,77,100.000521
-142.955277,101,100.169533
-420.688812,104,101.380132
-457.274523,124,102.427268
-302.575827,121,103.697364
-232.562267,65,104.514929
-219.420344,111,105.869629
-285.152889,135,107.255275
-376.986562,114,107.444289
-311.049746,108,108.760881
-223.523374,102,109.982041
-374.286196,98,110.902604
-308.242905,84,112.058685
-187.006497,160,113.661303
-130.075549,67,113.77381
-64.536418,68,114.68938
-94.331543,78,114.821394
-170.065779,165,116.151985
-234.918862,128,117.363593
-310.317139,75,117.489111
-134.446353,88,118.383674
-173.633764,141,119.467254
-337.548033,96,120.525832
-293.304026,121,121.584409
-84.753198,74,121.70642
-374.348478,105,122.803492
-352.220834,107,124.104081
-205.380572,107,125.128164
-154.868765,97,126.203678
-52.70607,84,126.343689
-350.595835,96,127.393983
-544.065088,155,128.452138
-127.541311,93,129.776961
-104.344193,95,130.766426
-392.641009,85,130.907437
-137.172966,103,131.985507
-268.326188,76,133.103794
-195.831523,121,134.078927
-243.949979,92,134.233731
-53.618328,63,135.431992
-298.519936,104,136.43906
-142.84813,110,137.507145
-83.735722,93,137.662156
-77.385134,80,138.685323
-77.635248,74,139.640392
-133.253897,79,139.771898
-367.418766,102,140.866474
-324.613959,118,141.861045
-211.505648,109,142.887841
-254.340948,97,143.049856
-545.475637,103,144.413951
-30.767835,75,145.625278
-89.615293,88,146.706071
-78.123695,65,146.814082
-355.384195,101,147.746642
-145.663815,72,147.867147
-107.728253,118,148.882213
-246.187155,108,150.187302
-104.960554,74,151.077871
-77.902858,78,151.209379
-115.12567,88,152.202487
-178.748341,73,153.146101
-113.392491,150,154.338183
-430.336436,131,155.631767
-170.916529,69,155.746274
-215.328704,72,156.550326
-116.431082,86,157.556907
-108.659644,60,157.656414
-204.540047,85,158.529973
-131.381584,101,159.752055
-219.428991,108,159.931068
-149.628074,73,161.147657
-312.531695,140,162.240229
-154.710245,131,163.305295
48.074988,86,164.270359
-297.283574,99,165.275929
-265.645383,90,165.422943
-69.693266,76,166.380505
-129.838521,102,167.451082
-450.375367,106,167.626095
-183.09123,111,168.81167
-315.65442,124,169.877756
-101.046727,107,170.96233
19.746469,136,172.008397
-148.442438,86,173.233482
-249.761251,117,174.445558
-191.735759,131,175.802142
-222.346534,81,175.936162
-252.886867,87,176.81672
-386.020795,101,177.75878
-204.050957,107,178.830356
-317.77339,81,178.964863
-281.006596,82,180.000927
-78.598579,122,181.035002
-178.529433,94,182.054066
-103.839072,99,182.217079
-96.094328,70,183.461154
-161.390098,113,184.473217
-212.320079,134,185.611295
-71.224747,81,186.614866
-317.011728,103,186.787372
-251.242235,100,187.931449
-473.904389,86,189.075521
-200.083578,102,189.970078
-76.143217,86,190.113088
-45.974059,91,191.303663
-73.889574,65,191.41117
-271.249091,110,192.413735
-278.006387,128,193.829328
-144.776524,154,195.46257
-175.195282,115,195.651582
-76.375155,127,197.077177
-322.33496,119,198.36829
-304.648737,78,199.530807
-370.488499,132,200.569022
-310.677813,149,201.63121
-451.300463,144,202.703281
-341.469864,90,203.89597
-56.751425,91,204.882453
-402.143025,135,206.097166
-159.519002,99,207.268059
-317.488016,93,207.424062
-174.371706,114,208.55117
-319.391055,94,209.697855
-150.254244,172,210.838493
-382.204562,121,212.058489
-175.966457,83,213.084547
-447.754457,108,214.185846
-104.248356,110,215.42844
-228.142165,150,216.781674
-93.966942,105,217.912028
-504.703815,144,219.239445
-77.749702,109,220.576703
-287.288602,114,220.76636
-443.637626,99,222.073843
-196.270839,149,223.288626
-406.898201,133,224.45371
-312.273003,104,225.808326
-157.617403,87,227.025433
-61.20499,103,228.088487
-463.646041,112,229.265075
-167.568679,85,229.404249
17.876874,79,230.508869
-350.414061,89,231.665799
-5.025418,117,231.860814
-212.739351,82,232.985894
-170.126391,120,234.009412
-400.745244,247,235.451893
-188.598014,105,236.468883
-385.319695,91,236.619393
-102.838806,113,237.781417
-86.013189,90,238.946414
-437.449063,100,239.950338
-313.736881,92,240.962063
-456.606354,94,241.116076
-66.947845,100,242.161653
-238.446819,132,243.273791
-352.103231,169,244.480368
-351.205779,83,245.633805
-335.402747,186,247.007914
-385.359677,126,248.299719
-582.102451,135,249.606283
-422.532947,113,249.792807
-695.050136,171,251.129905
-136.566156,100,252.345989
-375.320819,113,252.529004
-495.837949,147,254.175605
-341.493009,169,255.563706
-524.388862,123,256.595774
-313.337482,158,257.695855
-516.101715,98,258.755432
-257.794146,128,259.761079
-279.671323,105,260.819149
-444.271963,123,262.269259
-527.513003,175,263.574716
-424.791672,96,264.489277
-438.078244,77,264.616786
-511.35164,172,266.002386
-71.939517,69,266.118894
-501.137753,164,267.270976
-607.651563,106,267.446989
-461.885705,83,268.481059
-485.206828,130,269.503271
-276.343398,77,270.44634
-300.875137,99,270.612363
-215.518912,73,271.812445
-368.777486,102,272.828022
-461.638189,100,274.044081
-617.40795,144,275.655761
-539.835462,197,276.917852
-475.600524,138,278.121043
-351.285638,87,279.369295
-514.703403,79,280.329323
-478.182454,91,280.47983
-461.476614,89,281.709186
-235.314954,83,282.665074
-651.121465,161,284.201213
-408.001208,90,285.159664
-493.435025,102,285.32968
-354.060007,80,286.448787
-450.732544,130,287.521698
-79.627034,81,288.486748
-108.580435,97,288.647761
-410.826059,89,289.68021
-54.40824,117,290.702734
-74.1257,105,291.756889
-210.402423,92,292.611943
-250.778969,135,294.032303
-56.49935,89,294.17981
-268.961115,138,295.262581
-228.139716,104,296.564735
-254.599187,94,297.710543
-308.597438,92,298.69067
-401.508913,116,299.92527
-348.164837,106,300.101282
-152.194092,80,301.27984
-513.58584,98,302.269466
-424.538052,164,303.411117
-189.46972,88,304.433702
-217.189821,104,305.699292
-484.4237,124,306.959818
-345.863132,93,307.114325
-205.173388,85,308.306403
-500.743035,139,309.345481
-409.556244,96,310.376937
-393.269417,104,311.406511
-173.769883,82,311.542525
-318.779739,142,312.728609
-80.604109,86,314.032716
-88.785375,91,315.012475
-289.026593,130,316.268061
-192.456602,76,316.394568
-525.972414,113,317.413198
-480.893802,184,318.805839
-104.834102,103,318.976853
-207.440217,109,320.198502
-489.823108,171,321.678085
-576.667408,84,321.820577
-387.239148,88,322.893088
-312.160714,115,323.899106
-424.145205,78,324.907063
-192.476711,136,326.329114
-331.898253,87,326.474125
-168.107865,95,327.614696
-261.694821,194,328.947787
-54.119273,98,329.109293
-512.507541,92,330.398386
-32.577431,101,331.392454
-356.145158,136,332.41152
-265.328741,115,333.623108
15.882845,125,334.89369
-317.214378,126,336.117769
-363.743423,95,336.273781
-239.124766,121,337.474366
-80.222301,85,338.668451
-98.217926,158,339.735025
-206.688328,104,340.921601
-3.219744,146,342.157697
-212.94904,97,343.37878
-135.182468,88,344.355855
-340.444904,95,344.514362
-500.124692,102,345.696609
-580.341366,182,347.287731
-215.25248,303,349.092449
-428.152066,181,350.215529
-137.209824,102,351.663857
-302.833712,94,352.655935
-280.832411,177,353.74333
-236.587629,97,354.827221
-13.538328,122,355.917211
-366.79918,181,357.092641
-202.679675,103,358.565637
-124.567076,105,359.777719
-312.916927,90,360.653279
-255.507857,127,361.807403
-345.437436,183,363.118946
-145.031082,115,364.302024
-223.61705,192,365.573119
-181.089934,105,365.745131
-135.507041,133,367.13923
-152.176603,85,368.581329
-198.109414,111,369.71241
-572.153241,140,370.792988
-194.852467,114,371.83506
-91.61074,93,372.813121
-77.771253,85,372.955136
-60.746329,67,373.99271
-115.405769,107,374.954783
-83.375474,97,376.246367
-309.299885,82,376.382875
-105.733727,74,377.380014
-385.783947,162,378.679604
-331.073148,187,379.805187
-108.906737,115,381.238939
-276.798087,99,382.47803
-29.308819,192,383.821617
-275.765384,173,384.993701
-108.118802,81,385.993274
-157.627531,90,386.14332
-187.743877,99,387.186387
-212.792342,88,388.164467
-67.926104,120,389.176538
-214.086721,94,389.334553
-58.400218,79,390.544147
-83.990413,146,391.595219
-215.536623,155,392.771309
22.510813,138,394.120409
-90.600404,98,395.469508
-272.064593,93,396.818198
-363.832691,168,397.918292
-254.148038,96,399.247388
-351.349668,176,400.326461
-154.617383,143,401.876184
-161.023486,196,403.414789
-68.110761,121,404.364857
-322.319475,174,405.491436
29.615481,155,406.987039
-291.684096,163,408.29364
-266.485694,168,409.413718
-287.181368,145,410.664311
-408.503475,124,412.039908
-262.070755,77,413.129494
-413.228678,148,414.207586
-55.441202,142,415.249161
-90.400236,84,416.230724
-319.818973,165,417.517818
-139.378879,102,418.623391
-99.299139,151,419.828483
-151.468464,105,420.904054
-332.272788,170,422.003139
-310.357222,102,423.234231
-227.213529,134,424.303803
-334.209384,91,425.330381
-247.011794,175,426.747983
-230.153491,141,427.805054
-298.990709,110,428.964139
-208.818572,109,430.037712
-182.65396,94,431.049297
-305.737085,140,432.371887
-87.805402,88,432.520395
-198.87748,85,433.556476
-134.478428,139,434.525046
-294.215537,126,435.813638
-274.70173,90,436.859215
-226.09074,113,437.869799
-359.391792,217,439.331662
-65.625442,127,440.65176
-317.243146,249,442.306374
-212.387794,135,443.527461
-18.293517,180,445.281639
-62.343704,111,446.359676
-225.057889,186,447.489252
-182.090257,142,448.696334
-199.304132,223,450.466967
-267.183316,119,451.457041
6.897608,149,452.539112
-199.953052,257,454.021229
-84.482201,195,455.481833
-633.51813,142,456.796423
-429.292576,167,458.167026
-374.974409,186,459.642121
-324.2843,145,461.093226
-51.805259,1000,464.940001
-139.262541,155,466.397616
3.787763,405,468.675782
-24.142843,229,470.196743
-134.517913,170,471.783855
-303.540611,176,472.927935
-110.214062,157,474.377444
-277.877971,328,476.525928
-105.655102,162,477.729566
-158.960752,266,479.505685
-54.951747,1000,483.839182
-107.2039,216,485.508855
-184.690551,992,489.417623
-126.055638,119,490.509328
-350.554142,233,492.084431
-288.804286,153,493.975563
-33.587521,120,495.203639
-324.503783,300,496.918983
-36.611826,323,498.484737
-86.968268,277,500.771892
-4.304347,187,502.104992
-45.727487,141,503.256232
54.753238,134,504.501321
-187.752963,673,507.759269
-127.82741,117,507.952282
-108.29296,160,509.444542
-96.01234,114,510.681122
-273.189305,91,510.831629
-203.167162,129,511.974295
1.841938,95,513.170202
-116.455463,354,514.950818
-122.811921,203,516.393419
-92.48362,169,517.912526
-251.332319,231,519.642066
-22.609115,90,519.792077
0.784785,96,520.797648
-55.502839,99,521.800717
-54.676523,228,523.481331
-59.452676,138,525.097019
41.979697,117,526.229595
-167.60017,101,526.400608
-91.078377,163,527.990396
-97.009839,166,529.57845
-21.41445,181,530.818533
-101.063239,162,532.176338
-25.595037,91,532.326846
-111.685322,87,533.440617
15.386267,79,534.35018
-37.064836,83,534.486191
50.913065,112,535.540797
-54.030091,83,536.562373
2.596804,104,537.874467
-67.545988,211,539.536544
-56.429341,141,540.867687
-58.731421,107,542.080617
19.26182,136,543.07169
13.458898,122,544.297952
-94.39579,325,546.061729
-62.956415,240,547.576868
5.465155,118,547.77188
-212.773984,349,549.81497
108.433147,1000,553.903841
-39.376623,151,555.017155
192.836785,367,557.008305
-31.326673,100,557.995373
-3.157279,99,559.162459
-102.969969,333,561.22771
-101.603267,84,562.359092
10.653482,120,563.30965
-70.737207,175,564.675601
175.971438,671,567.629347
-4.41234,121,569.005962
-41.713076,147,570.355553
-54.71352,154,571.816152
19.169295,208,573.18376
-49.213621,218,574.810873
88.92023,1000,578.687586
-67.422697,154,579.785171
-125.643695,1000,583.715918
1.00716,360,585.568924
26.186513,195,586.788425
-28.428849,162,588.016618
-25.812703,193,589.84557
-270.726766,599,592.422427
-146.627533,290,594.205016
-207.921503,212,595.583533
-184.359228,394,597.719424
13.113165,147,598.979634
-302.067688,909,602.537565
64.286429,1000,606.473386
-204.936431,542,608.947618
43.834644,148,610.014755
-77.650717,157,611.128421
201.275184,747,614.301281
-9.015445,124,615.471384
-52.766376,109,616.656078
-70.992327,313,618.184717
75.892415,1000,622.194797
-167.78823,409,624.094496
-187.398538,238,625.967438
-196.029736,694,628.906655
-171.637345,509,631.371088
-90.197317,447,633.474231
52.579628,1000,637.523756
49.094835,1000,641.369309
-82.475448,783,644.698387
117.973237,1000,648.444886
-27.909995,461,650.67834
-293.341766,797,654.337476
100.827184,1000,658.505897
-88.895183,124,659.797525
-182.684717,334,661.832464
-177.090624,315,663.354699
-47.204621,221,665.044908
-191.660933,423,666.888122
5.477809,184,668.370365
-23.448071,427,670.382658
-17.714907,405,672.302889
-24.231166,105,673.606296
43.065729,166,675.188976
-20.748715,279,676.884178
-5.630235,99,677.048198
24.739542,171,678.440359
-20.941997,195,679.536986
-67.981345,188,680.949215
66.29335,1000,685.003695
-24.211698,170,686.323915
47.356597,1000,690.080592
-190.466398,662,693.017292
99.643487,1000,696.902169
94.950418,735,699.93637
-83.610856,1000,704.182071
-147.813757,520,706.70706
-106.172686,1000,710.935549
21.926818,220,712.462545
98.665802,1000,716.329529
-101.507867,1000,720.434515
-147.173288,409,722.640505
-205.896239,610,725.24999
-97.089964,405,727.73398
55.761884,155,729.301975
-116.188301,1000,733.210485
114.58228,1000,737.234452
-67.160031,235,739.189445
22.145718,237,741.027437
-4.657273,170,742.244432
128.893436,1000,746.674415
8.247269,153,748.07541
212.338835,451,750.7504
132.285502,1000,754.687881
82.694786,1000,758.68043
82.957258,1000,762.755565
18.110211,218,764.322672
279.598335,396,766.240297
-167.159498,369,768.184432
-50.888229,371,770.150512
204.949678,801,773.355991
-36.980267,139,774.596319
226.852166,579,777.64953
-11.26464,1000,781.659311
243.642415,500,784.294999
246.277756,610,786.963209
-21.124431,466,789.658915
233.013524,788,792.806654
147.975195,882,796.52703
132.90237,943,800.08028
216.330703,461,802.585474
259.934903,285,804.198102
47.601835,244,805.761722
240.567618,255,807.326217
41.505628,141,808.422363
249.529821,295,810.431562
36.668656,90,810.584576
19.387184,150,811.8481
39.176907,130,813.312908
24.659943,157,814.955487
237.728318,370,816.881497
37.425327,134,818.285885
234.110959,242,820.110751
-47.189596,187,821.826461
1.030181,145,822.909485
226.948318,839,826.232172
-43.546779,1000,830.096466
-72.486118,1000,834.200299
-42.162802,163,835.826207
277.332423,372,837.892337
131.383145,890,841.918365
235.889766,801,845.704705
253.42775,316,847.498439
291.393234,438,849.702183
200.279546,661,852.820252
158.186951,639,855.62396
220.272064,504,858.090128
233.49032,486,860.4228
264.271841,321,862.592985
166.285139,626,865.310663
-113.667668,377,867.198799
-32.725336,331,868.842413
-84.374265,321,870.803634
199.457845,451,872.725767
242.184651,369,874.846916
206.228748,469,877.277573
183.221238,510,879.550633
131.105879,799,882.616287
-61.906296,307,884.425132
194.050969,438,886.635028
193.660975,347,888.466824
-171.803149,423,890.650377
233.848189,467,892.885416
273.262823,319,894.641641
274.151375,335,896.551772
126.548611,760,899.833736
26.496689,170,900.985081
232.679058,395,902.91388
-8.43361,366,904.914128
206.1065,388,906.765339
243.102188,431,908.706776
217.66399,426,911.262239
159.853599,695,914.274419
171.461045,666,917.000257
227.590916,540,919.791772
181.123845,616,922.628684
223.200916,448,925.339385
268.986247,253,926.861484
-20.817063,223,928.334032
0.103343,200,929.798993
268.549612,508,931.964877
160.021722,615,934.513376
-101.121919,548,936.79912
-3.963923,340,938.872831
-40.388468,312,940.471938
271.66137,323,942.494572
-37.964553,286,944.135185
193.321376,484,946.480347
197.653037,445,948.554983
230.824586,404,950.722567
211.629229,409,952.993216
223.616296,408,955.203359
264.864855,404,957.035488
248.269412,569,959.377646
143.2519,760,962.696517
154.425762,622,965.722731
-144.263795,872,969.424983
259.267799,494,971.658721
-21.290547,134,972.692186
-63.760368,1000,976.529681
-12.379638,140,977.642806
180.730337,964,981.34437
241.979901,313,983.376006
41.584278,206,984.702095
29.522339,247,986.603913
319.180895,264,988.391655
280.357806,257,990.394292
45.731781,187,992.173414
287.974006,322,993.708066
20.584142,229,995.431532
212.055476,338,997.356592
262.221153,299,999.044416
249.933005,342,1000.818634
253.551161,394,1002.617989
258.586743,346,1004.416109
264.538551,373,1006.392026
296.379948,300,1008.308472
30.166991,233,1009.678831
7.426884,231,1011.222091
231.116577,389,1013.381516
19.01261,229,1015.011469
275.98005,462,1017.535119
257.80946,382,1019.381033
-83.7319,233,1020.786781
217.520214,360,1022.69365
-37.502814,257,1024.43148
203.475659,500,1027.209834
-64.081725,310,1028.929302
171.101312,505,1031.132422
185.808973,358,1032.958395
231.998895,372,1035.135429
183.16429,316,1037.151864
-63.490588,237,1038.586996
219.034479,308,1040.153231
-65.355657,279,1042.212563
-39.001169,275,1044.098659
209.251581,308,1046.002509
213.632083,457,1048.261489
-47.001043,237,1049.82476
209.307165,347,1052.092725
7.184992,146,1053.268334
246.035264,275,1055.074917
227.811836,302,1057.328806
-41.520444,272,1058.913009
-12.055875,148,1059.984684
-104.838247,322,1061.795016
196.877814,597,1064.495223
161.099762,567,1067.193626
-20.750974,162,1068.43974
191.416473,383,1070.275285
252.56918,258,1071.742019
172.398163,452,1073.890917
157.473766,454,1076.321084
-213.526632,400,1078.182144
-74.615857,159,1079.187456
-140.055302,472,1081.500177
24.500655,148,1082.682263
-40.035472,312,1084.460899
292.843257,233,1086.143154
128.677804,674,1089.119437
-14.072917,262,1090.748178
240.958639,555,1093.140453
-40.490462,294,1094.804974
255.036112,365,1096.768749
257.263066,288,1098.803365
229.802935,288,1100.652211
80.625697,183,1101.820291
-70.13824,246,1103.470909
180.234304,480,1105.860264
234.309856,299,1107.374864
-60.37413,282,1108.970972
239.256018,348,1111.407149
232.682894,299,1113.361586
248.960886,356,1115.164542
246.875038,329,1117.011084
237.732103,514,1119.448833
282.639054,265,1120.980982
233.228312,351,1122.800615
223.338023,356,1124.896257
204.963935,408,1127.143921
266.631153,364,1129.30262
268.99867,299,1131.168247
252.121319,332,1132.807354
11.067609,231,1134.611982
256.331726,377,1136.81802
226.686347,364,1138.807747
109.395453,576,1141.426027
220.657081,347,1143.524245
296.512177,268,1145.100357
306.995768,495,1147.594549
-27.572101,111,1148.719707
87.973979,713,1151.702899
218.852057,417,1154.024955
213.681987,452,1156.036124
214.315414,355,1158.143457
242.74133,323,1160.181981
296.591034,225,1161.709013
190.234669,424,1164.193301
242.716615,556,1166.625969
184.929102,553,1169.180428
205.612721,426,1171.715598
271.237381,442,1173.947761
283.022508,321,1176.112446
237.230071,505,1178.359224
251.157348,353,1180.188974
231.180165,360,1182.435635
236.168452,480,1184.924848
254.713423,352,1186.687757
248.747143,320,1188.336761
243.377078,327,1190.317239
256.294364,360,1192.015325
208.490148,348,1193.929469
12.598493,259,1195.759596
260.785781,331,1197.889384
287.072427,302,1199.443493
226.800089,358,1201.421137
283.651123,308,1203.089281
251.314983,324,1204.966024
305.19101,243,1206.623136
270.029116,292,1208.136739
221.866916,378,1210.209884
288.1988,300,1212.092515
-106.025486,329,1213.809025
174.110278,560,1216.473711
304.861704,379,1218.577529
-49.624323,347,1220.850127
260.236392,486,1223.201114
210.088988,433,1225.168612
239.256691,483,1227.653605
246.422501,701,1230.691339
36.775663,222,1232.142436
298.259253,346,1234.221903
234.248613,351,1235.975634
214.601793,351,1237.914767
88.867842,1000,1242.020155
61.146393,1000,1246.212542
208.559597,379,1248.149075
-24.300733,289,1249.622179
238.159087,520,1252.325867
56.569293,303,1254.232574
243.897183,369,1256.21356
284.969915,436,1258.248932
280.471631,354,1260.132481
272.244113,350,1261.986474
228.551532,454,1264.36496
233.259896,583,1266.950455
271.587298,302,1268.714459
-48.613777,285,1270.264939
293.073253,360,1272.28093
11.516597,231,1273.71143
212.311301,385,1275.496917
236.929721,312,1276.916413
-36.340761,335,1278.890411
269.079323,472,1281.099895
21.606714,268,1282.847953
257.006451,376,1284.858675
250.409951,332,1286.51129
288.693989,343,1288.380421
229.096101,320,1289.864965
244.673426,382,1291.96861
24.076997,355,1293.95788
237.670256,427,1296.120706
267.745356,452,1298.445483
272.188485,325,1300.1114
247.274199,298,1301.894858
229.226142,343,1303.645388
-32.25706,244,1305.379398
241.900601,511,1307.898582
262.792091,305,1309.875978
65.046206,184,1310.99087
-5.494668,222,1312.614484
22.628143,249,1313.993349
27.875738,263,1315.393445
259.351436,409,1317.38268
-19.291475,213,1318.904224
-9.124577,230,1320.343318
-0.759684,219,1321.619582
234.828785,295,1323.777736
-23.181895,225,1325.177296
255.932176,299,1326.955914
-10.718138,234,1328.430526
274.16743,307,1330.195153
240.259775,417,1332.126779
-1.905443,274,1333.722393
251.352481,422,1336.0611
261.768418,345,1337.968683
217.901062,463,1340.663997
243.631517,367,1342.486619
6.089621,314,1344.042217
268.924311,373,1346.16637
247.092816,412,1348.501526
211.29357,415,1350.946517
208.727839,352,1352.810851
246.89713,408,1355.15745
282.884334,363,1357.286497
256.087359,328,1358.950339
271.837963,345,1360.734647
26.212848,289,1362.307754
234.847301,324,1364.109261
44.8337,232,1365.57336
216.056588,365,1367.679809
279.000671,332,1369.694053
3.419842,335,1371.368041
279.473118,364,1373.644826
255.975267,407,1375.748247
242.461862,350,1378.070348
265.358281,303,1379.915208
15.015917,298,1381.552536
212.930446,309,1383.004694
2.099224,269,1384.638353
261.804321,299,1386.647075
52.089985,219,1388.154725
255.863543,342,1390.402718
249.06103,319,1392.091038
-44.376362,259,1393.651142
15.742682,263,1395.141742
51.013789,282,1396.933103
263.68368,326,1398.505208
28.814702,111,1399.72529
-35.491929,233,1401.380907
240.16608,598,1404.113096
182.932066,350,1405.965724
269.237392,339,1407.930672
176.68206,407,1410.084809
-5.196292,304,1412.184441
-40.694273,268,1413.68054
10.934706,254,1415.149139
-46.167972,228,1416.608102
-51.682351,325,1418.565285
-52.874491,292,1420.181738
171.851566,316,1422.234379
-78.992919,294,1423.781179
-63.663967,325,1425.553493
152.227446,426,1427.699903
216.031833,356,1429.621091
191.572554,357,1431.525692
-31.606201,319,1433.281071
274.063665,358,1435.190429
-21.237998,271,1436.601525
208.878619,652,1439.360807
277.404031,295,1440.824411
280.801742,369,1442.89063
238.067041,284,1444.759267
250.862526,337,1446.74891
218.443456,315,1448.584037
224.774587,376,1450.649959
243.060214,383,1452.696337
237.97089,338,1454.563284
70.882023,291,1456.544294
224.409746,412,1459.108785
28.346601,309,1460.943764
268.620869,362,1462.878255
268.392999,341,1464.682264
218.285846,372,1466.891819
202.7189,413,1469.213475
192.234369,386,1471.050101
37.40422,311,1472.716709
-3.726368,263,1474.304811
273.785004,462,1476.886976
255.504226,361,1478.926121
262.598305,323,1480.757233
231.172615,370,1482.717885
223.772211,435,1484.934331
229.907628,340,1486.900968
190.760105,356,1488.827596
223.688876,323,1490.335704
-36.528307,241,1492.263385
-43.573922,209,1494.054136
-81.423745,262,1495.488797
-12.464923,241,1496.99807
200.230282,395,1498.767233
-100.422858,216,1500.186335
176.542211,418,1502.17053
-104.082786,230,1503.637645
220.092118,258,1505.37926
-69.931306,219,1506.609847
9.55192,189,1508.410076
-81.587708,228,1509.868177
-71.297651,199,1511.420695
204.200597,768,1514.900999
-2.988541,189,1516.542113
-31.595688,175,1517.836702
-1.86675,245,1519.371811
6.44652,135,1520.385882
56.959537,225,1521.903991
291.245978,268,1523.475098
-71.471458,252,1525.027211
-33.336441,198,1526.310806
15.466707,236,1528.0149
-73.016572,160,1529.5625
-10.213231,172,1530.942847
284.254455,299,1532.486445
218.643701,263,1534.05356
-57.996937,176,1535.768671
54.719575,199,1537.219268
-10.299224,159,1538.582857
-10.683414,213,1540.324365
148.197614,281,1541.923472
65.438212,202,1543.654725
214.554349,410,1545.584018
-19.624534,153,1546.676587
-51.756437,201,1548.08374
42.99586,253,1549.573291
212.608289,288,1551.098902
-81.415815,199,1552.539574
18.236993,200,1553.986673
-34.202309,159,1555.12125
-2.760636,175,1556.794354
-26.907097,178,1557.949421
12.179575,235,1559.436922
11.70633,173,1560.561916
224.090698,260,1562.182571
235.906879,263,1563.822435
232.147648,276,1565.98441
227.863851,379,1568.036089
31.386995,147,1569.408433
240.730602,342,1571.38721
196.255995,424,1573.936903
-136.402153,735,1577.002109
-25.055093,316,1579.320258
41.277357,195,1580.458827
268.43685,241,1582.079934
245.74412,338,1584.156079
21.519818,275,1585.641447
228.028583,299,1587.303562
-4.183652,199,1588.906674
-20.877195,186,1589.979216
40.97377,261,1592.055603
-48.091577,197,1593.530202
-63.26258,178,1594.61978
-10.104157,201,1596.463377
-43.21622,165,1597.583927
-68.177848,178,1599.142273
-28.332794,124,1600.255847
-46.808385,147,1601.518362
298.712387,329,1603.040689
-35.929467,223,1604.670655
8.347814,210,1606.025312
-51.950001,222,1607.421645
50.18541,223,1609.196134
18.956742,206,1610.633735
-44.260632,230,1612.060779
-13.461623,181,1613.474876
-24.373584,239,1614.954347
-38.3375,178,1616.113717
49.978133,252,1617.741826
-47.671984,196,1619.457492
171.940747,459,1621.560135
204.702462,327,1623.713986
-78.364021,262,1625.154655
-100.61375,250,1626.600751
-40.190468,156,1627.677336
-32.539033,279,1629.433819
-21.696827,218,1631.158185
-58.613983,277,1632.610467
-21.440897,267,1634.032383
112.999659,1000,1638.128552
201.969667,545,1640.553813
169.085093,841,1644.152909
-35.728927,432,1646.035382
201.284894,667,1649.210507
244.41529,702,1652.319009
-72.267863,376,1654.093626
66.148702,904,1657.603467
-39.027164,1000,1661.43823
-55.159305,1000,1665.411714
85.805809,959,1669.275031
-112.671789,1000,1673.29994
-53.460209,1000,1677.099406
-132.632713,1000,1681.089389
-207.688054,1000,1685.160423
-88.36346,1000,1689.292642
-103.75757,1000,1693.097923
131.183969,949,1696.612409
-188.377774,805,1700.318469
165.842147,674,1703.118863
80.475586,711,1706.070817
221.984361,593,1708.875956
226.38819,472,1711.122115
212.672942,464,1713.148259
185.874137,477,1715.905082
200.988087,436,1718.036731
164.175496,513,1720.682909
217.905537,489,1722.971067
115.0635,616,1725.967817
-79.090873,401,1728.036191
-34.993157,366,1730.233425
193.532577,525,1732.651587
254.206702,400,1734.791215
-63.12854,286,1736.717651
-12.811227,306,1738.415335
210.945925,359,1740.27896
223.98605,344,1742.147094
193.794998,370,1744.126152
240.811244,491,1746.760083
-44.641222,337,1748.794219
166.073487,628,1751.419566
227.024726,365,1753.452702
-3.862229,252,1755.162315
-33.607444,350,1757.188445
-54.825592,285,1759.131733
258.482634,356,1760.941676
262.468885,356,1762.985314
182.674255,400,1764.801433
229.395297,468,1767.341105
21.888914,273,1768.829705
7.528731,251,1770.317304
-68.466346,247,1771.832405
245.23089,362,1773.68973
18.865496,248,1775.301841
148.265968,486,1777.733876
-13.26536,292,1779.534511
