#{"t_start": 1753259787.9882114, "env_id": "LunarLander-v3"}
r,l,t
-377.809454,96,0.169528
-218.098581,104,1.196595
-134.6949,82,2.235666
-173.621207,89,2.380677
-130.592205,99,3.531901
-121.545069,96,4.536481
-264.030882,85,5.552765
-333.046182,114,5.740276
-115.859971,69,7.125368
-82.960626,78,8.081438
-102.973148,79,8.211943
-202.840598,128,9.292519
-220.014853,111,10.449095
-136.948512,76,11.49967
-104.709217,79,11.629176
-85.287999,123,12.617243
-263.847089,81,13.881449
31.256718,82,14.900126
-190.723883,94,15.06014
-214.702492,64,16.31874
-177.447311,90,16.466754
-93.374818,83,17.736834
-276.492885,74,18.723901
-188.069976,87,18.867914
-138.842065,97,20.007487
-294.778947,109,21.079058
-259.884929,123,22.103138
-90.144801,66,22.211646
-193.603685,188,23.526237
-102.725083,67,23.636744
-212.855422,102,24.610816
-93.860224,109,25.984911
-229.116786,131,27.130489
-217.11628,77,28.150561
-256.22408,74,28.272574
-101.409752,90,29.334647
-164.131267,78,30.284716
-338.677015,113,31.4013
-135.659185,72,31.520806
-192.04051,98,32.501874
-259.908452,132,33.515942
-284.670425,138,34.656022
-77.476395,81,35.605584
-212.433809,103,35.773597
-142.182156,100,37.011679
-154.098522,89,37.843735
-90.678865,97,38.78576
-94.946914,72,38.901265
-193.622403,145,39.911051
-235.610392,92,41.332668
-208.256076,108,42.390161
-117.055325,93,43.243216
-107.690063,77,43.369228
-107.811946,86,44.399295
16.323059,75,44.522801
-134.940457,109,45.554374
-493.531496,109,46.780457
-40.361817,93,47.718018
-185.752543,152,48.9241
-61.083334,63,49.87417
-128.764341,103,50.04468
-493.439097,107,51.355772
-457.760522,95,52.565854
-195.92472,94,53.548416
-93.767545,101,53.713427
-539.540321,114,54.989231
-133.296776,91,56.190963
-108.965012,65,57.250032
-157.735509,100,57.411044
-218.847485,81,58.581081
-95.040122,82,59.546588
-89.697827,105,59.717599
-173.006684,85,61.115603
-223.70844,125,62.259108
-172.88345,125,63.28405
-409.803789,85,64.249488
-97.64127,78,64.377499
-60.59457,69,65.280071
-148.566579,109,66.412582
-297.615934,76,66.535089
-281.479701,69,67.474825
-188.928519,97,68.546894
-151.683524,80,68.676904
-156.721395,83,69.533844
-162.023873,78,70.505914
-152.173858,89,70.649422
-215.246713,75,71.59149
-108.831266,114,72.732064
-168.565538,83,72.866076
-502.473067,100,73.830637
-67.206933,67,74.756201
-415.267769,107,74.930212
-196.574331,116,76.243595
-270.95818,82,77.624686
-116.738058,104,78.627756
-193.6422,100,79.594819
-426.725718,105,79.767832
-121.365855,107,81.035303
-193.54432,105,82.035369
-134.054804,119,83.114942
-285.278563,99,84.067022
-145.400188,119,85.085088
-116.603427,97,85.242597
-368.726498,88,86.408277
-283.250671,86,87.323384
-317.982357,88,88.225951
-40.514662,65,88.332457
-48.414021,86,89.271523
-76.406708,59,89.370031
-114.513791,140,90.216349
-159.952432,65,91.300932
-242.186242,78,91.428063
-134.921884,92,92.452804
-152.037688,112,93.598396
-117.495131,85,94.537966
-81.693069,80,94.67298
-110.477194,65,95.611542
-141.351191,89,95.755051
-84.821803,57,96.777626
-112.574493,77,97.659803
-271.359254,106,97.83531
-339.692436,90,99.054394
-397.371928,104,100.116903
-142.210946,64,100.219395
-378.677306,102,101.114899
-102.543673,64,102.094894
-335.420086,111,103.26989
-129.026592,86,103.409271
-139.440837,105,104.526843
-237.266348,103,105.528883
-53.564176,74,105.651376
-55.048598,69,106.582877
-108.137166,87,107.55037
-83.764985,75,107.674367
-47.559961,97,108.59236
-333.301222,156,109.649362
-121.089936,73,110.756865
-148.871025,86,110.899862
-84.973758,88,111.967852
-247.174541,100,112.930348
-155.198904,64,113.034854
-275.450126,88,113.944431
-456.528041,81,114.9595
-72.467398,77,115.086511
-56.019914,82,116.154008
-95.84811,116,117.159605
-109.787786,67,117.270616
-162.205525,91,118.173178
-252.022689,105,119.247752
-121.342752,66,119.355259
-315.350484,93,120.305325
-398.039439,85,121.416899
-98.161372,100,122.475834
-259.601667,103,122.646343
-106.45719,92,123.958481
-117.239032,98,125.060558
-200.176807,111,126.056629
-94.862252,106,127.112717
-99.020198,90,127.26173
-347.387678,96,128.20129
-114.637871,99,129.092854
-45.612319,108,130.126426
-122.088245,88,130.271438
-415.267738,102,131.390013
-364.182064,78,132.471586
-103.158833,91,132.622093
-191.350938,87,133.671173
-79.342971,107,134.651735
-209.117185,81,135.599813
-111.466513,117,136.827395
-76.237293,69,136.942901
-108.421412,112,137.947973
-244.642656,111,138.936666
8.126279,93,139.979242
-474.671714,119,140.174255
-95.975402,78,141.472884
-90.788318,69,142.501637
-225.397788,90,142.649146
-250.60782,110,143.777224
-297.722691,109,144.94499
-112.695607,87,145.885646
-60.234264,85,146.026152
-122.820496,112,147.187231
-96.113089,125,148.262328
-103.648516,87,149.189197
-64.918469,63,149.295704
-197.166879,82,150.138207
-176.86242,66,151.02371
-337.189346,111,151.20771
-126.638974,99,152.538199
-198.163161,73,153.377195
-233.688356,65,153.484701
-98.510013,118,154.430192
-279.448378,79,155.541693
-277.192139,88,156.614183
-259.116351,99,156.779699
-262.613593,100,158.026684
-78.749885,135,158.999174
-90.271864,93,159.998164
-389.811129,109,161.171165
-251.047201,121,162.228698
-9.572228,85,162.369668
-181.262676,68,163.25016
-176.542774,96,164.278154
-117.349452,78,164.40866
-140.502136,62,165.291733
-328.607318,110,166.454316
-97.801834,80,166.586327
-66.852577,68,167.51789
-166.787196,82,167.652398
-116.545935,120,168.778982
-94.49847,115,170.141574
-103.538665,77,171.224892
-143.465898,111,172.403973
-148.279951,113,173.842573
-138.537201,80,173.975586
-270.633719,135,175.032655
-89.124516,79,176.142228
-119.208328,114,177.304814
-494.024374,111,178.472403
-449.697994,88,178.61891
-167.926949,98,179.766296
-113.231009,108,180.817868
-357.585005,105,181.824519
-327.358828,119,183.296121
-67.511532,73,183.417627
-79.120713,73,184.387706
-200.72675,124,185.463857
-98.231269,69,185.579867
-263.593125,97,186.570942
-199.148642,86,187.479513
-12.506643,124,188.892133
-97.855044,64,188.998641
-209.208288,62,189.734194
-171.442278,72,189.853697
-353.215291,131,190.835762
-135.918637,108,192.010841
-199.923224,121,193.056416
-74.429377,112,194.058494
-166.968722,165,195.221113
-138.345878,131,196.354688
-151.045106,104,197.555281
-177.692649,102,198.531395
-102.10146,92,199.679476
-69.56826,76,199.805983
-207.677673,79,200.769524
-287.441444,103,201.98961
-376.916346,83,202.128117
-92.877494,75,203.254693
-280.545091,63,203.3592
-84.776774,71,204.052754
-509.114099,121,205.213334
-269.239089,91,205.362844
-201.174664,79,206.553929
-251.450858,88,207.524992
-135.624188,97,208.625496
-107.371336,101,208.790983
-205.046561,143,210.074489
-121.078558,72,211.503483
-201.589068,151,212.567973
-95.287178,92,213.589476
-211.713315,133,214.651471
-313.736601,92,215.597469
-86.420578,102,215.766464
-93.858897,69,216.749301
-395.958194,90,217.69537
-298.677949,96,217.85588
-208.293961,181,219.369947
-338.516527,100,220.440374
-328.688694,88,220.588387
-161.676117,122,221.745444
-255.871588,91,223.043933
-353.651198,102,224.048901
-204.532232,84,224.187914
-130.969206,87,225.259433
-379.883465,91,226.245427
-318.597772,114,227.414916
-219.787055,123,228.781085
-234.191871,103,229.867505
-57.137729,68,229.980517
-147.21272,101,230.94608
-107.890295,98,232.077153
-454.941252,86,232.218659
-290.970355,130,233.453248
-195.766108,97,234.62033
-140.919004,106,235.540891
-87.042361,119,236.534467
9.959557,94,237.545885
-104.59151,79,237.675897
-218.722576,134,238.868475
-104.125642,98,240.030206
-170.90304,167,241.142876
-123.26164,114,242.359495
-86.429724,78,243.306127
-122.009436,86,243.448634
-372.798301,90,244.625396
-66.70171,85,245.771982
-92.059713,76,245.899489
-270.962477,92,247.09157
-291.142152,154,248.249145
-170.049497,98,249.620833
-123.173452,103,250.602364
-120.480309,137,251.659432
-88.482189,65,251.767938
-100.525866,114,252.768005
-110.868393,113,254.212901
-64.71047,69,255.260684
-239.915579,93,256.263754
-283.484069,88,256.40956
-420.418329,111,257.546324
-67.529009,169,258.76841
-63.971077,69,260.035011
-184.356454,113,261.094186
9.066423,194,262.379088
-83.127402,84,263.359655
-96.615088,93,264.338722
-132.978207,129,265.602814
-104.180127,72,265.722321
-59.196101,105,266.705389
-91.151519,95,267.85747
-164.62187,184,269.087668
-324.075504,114,270.192252
-306.255998,97,271.273836
-109.713117,153,272.366257
-104.460717,104,273.371301
-41.62755,103,274.376215
-90.71711,93,274.529722
-79.670956,65,275.487242
-318.724951,109,276.486239
-22.283506,88,277.557728
-210.37864,106,277.735472
-290.067273,125,278.875084
-197.282238,82,279.927383
-222.775043,83,280.91605
-63.827101,93,281.070559
-406.002221,120,282.203732
-101.494834,120,283.358367
-428.103641,97,284.523617
-366.94821,82,285.517792
-137.360168,86,285.661301
-183.60189,153,286.750069
-282.811657,123,287.981443
-7.976267,140,289.467352
-183.523424,116,289.664235
-426.180614,104,291.183527
-412.144147,130,292.399815
-447.635741,104,293.623878
-418.262665,85,294.593446
-230.659268,112,295.979046
-413.095594,152,297.359984
-244.896915,124,298.620235
-164.833349,92,298.774743
-231.706842,151,301.399524
-272.416672,163,302.903124
-518.299756,98,303.915757
-147.184024,107,305.165341
-453.19046,112,305.351351
-280.206924,121,306.670939
-323.91841,109,307.919524
-297.973937,166,309.394627
-328.573868,108,309.574136
-167.358638,104,310.878689
-355.255222,124,312.067769
-107.62531,140,313.166938
-318.931627,79,314.366018
-414.460416,152,315.498097
-320.344918,165,316.612669
-77.096538,100,318.05383
-50.184966,90,319.078896
-359.410218,103,320.165615
-134.617562,89,320.314628
-105.016342,122,321.420705
-290.66764,87,322.615148
-252.108935,143,323.700733
-322.44665,97,324.723798
-106.118332,89,325.844783
-90.661171,79,325.978292
-111.928151,230,327.478905
-587.215087,234,328.954551
-430.574005,92,329.109577
-400.152305,110,330.196077
-50.407955,79,331.510539
-81.748001,174,332.62402
-234.416617,105,333.991618
-380.727972,90,335.086086
-106.921599,185,336.364141
-100.472587,111,337.638061
-182.493725,100,338.764457
-305.58013,86,339.78163
-622.65807,105,339.955689
-210.621949,214,341.798651
-456.603241,117,342.899856
-383.3545,80,343.863605
-337.072053,124,344.992734
-541.873525,97,345.160241
-124.431868,97,346.287989
-128.769681,118,347.310243
-367.787732,84,348.330363
-33.217068,86,348.472872
-326.58789,164,349.990195
-517.95497,139,351.336797
-55.193118,127,352.417566
-116.437012,133,353.810169
-297.939049,92,353.961675
-380.272338,102,355.109757
-513.103382,158,356.626366
-787.602312,191,358.110424
-399.637117,204,359.432926
-529.345816,196,360.95493
-687.134494,175,362.455914
-616.699483,200,364.115403
-544.037591,100,365.1999
-236.94375,86,366.314392
-372.568416,84,366.456899
-443.993591,95,367.428895
-312.454648,107,368.487386
-451.674238,111,369.819887
-361.411141,92,369.974381
-361.182544,87,370.979378
-786.864321,175,372.104115
-704.651503,135,373.429968
-471.022476,114,374.949344
-429.955489,123,376.351562
-553.724364,188,377.800993
-358.867777,93,377.959501
-460.734057,100,379.23695
-822.987018,249,380.864563
-477.209109,331,382.709767
-503.926408,101,383.873139
-530.587188,130,385.25272
-412.379505,100,385.417734
-371.494319,100,386.526866
-358.361231,105,387.75575
-528.161524,114,388.775134
-548.915933,81,389.870811
-355.577394,121,390.07081
-537.371676,228,391.878298
-357.261006,98,393.126288
-645.217373,143,394.185665
-249.728421,120,395.379553
-198.055242,117,396.400424
-642.603804,166,397.509294
-367.492495,174,399.053041
-248.541106,184,400.567849
-368.563873,86,401.518941
-564.590857,178,402.649203
-190.713146,155,403.821292
-614.5988,176,405.506202
-358.012366,89,405.655708
-88.220171,196,407.137745
-431.907052,129,408.168771
-470.315415,169,409.300062
-320.752651,138,410.550149
-355.282392,89,411.770813
-492.748604,91,412.75588
-278.006303,121,414.085978
-372.593391,87,414.229989
-699.579474,181,415.728591
-414.47709,92,416.853167
-398.040922,134,418.121374
-40.717568,122,419.475515
-309.68403,134,420.830607
-312.515203,163,422.336714
-487.189569,127,423.298788
-361.621566,88,424.465819
-202.893218,120,424.663832
-663.131401,209,426.40846
-619.050727,151,427.555939
-518.190489,96,428.820769
-694.239934,195,430.12463
-401.421301,235,431.646383
-283.03228,82,433.003727
-479.415086,122,434.018646
-332.838805,118,435.056907
-213.542646,145,436.246143
-384.077738,96,437.24086
-260.174158,96,438.29303
-373.491212,85,438.432874
-514.694814,213,439.782464
-468.65495,140,440.877304
-344.250267,140,441.94913
-345.770616,81,442.877522
-365.337689,149,444.133155
-269.705058,106,445.217438
-244.137998,111,446.517891
-263.045468,187,447.865343
-227.088301,148,448.91498
-117.513149,89,449.946073
-52.929156,121,451.115557
-316.547471,95,452.280574
-51.361026,169,453.731137
-322.083639,102,454.856995
-307.410272,150,456.036216
-190.645836,117,457.088934
-104.730155,120,458.373519
-423.1616,222,460.022148
-185.312544,155,461.505936
-238.090249,207,462.972553
-243.717861,154,464.261154
-201.501881,102,465.773376
-349.119793,148,466.994469
-251.841516,147,468.560587
-372.535949,163,470.13832
-257.803351,106,471.253904
-236.235271,164,472.479007
-426.75696,217,473.83775
-61.748506,94,473.992257
-231.185209,221,475.599377
-72.24879,119,476.541095
-374.102294,84,477.491337
-44.279388,224,478.950997
-494.588569,186,480.658657
-368.23262,91,481.617419
-254.943777,112,481.801932
-433.479648,152,483.506575
-449.023999,107,483.682638
-83.981906,78,484.816746
-39.324078,92,485.846359
-247.917104,127,486.951964
-145.466281,105,488.239589
-265.356635,123,489.461406
-188.7104,124,490.664508
-37.451252,166,491.980108
-36.125447,110,492.960776
-97.781834,210,494.204981
-197.528028,120,495.449639
-239.809846,103,496.610273
-543.884588,124,497.676501
-532.568406,263,499.137149
-227.930356,111,500.19623
-259.120334,92,501.151964
-248.491994,104,502.430572
-586.40641,153,504.173321
-581.743951,144,505.554078
-393.457304,154,506.642705
-627.465505,194,507.934339
-328.450696,94,508.087859
-448.251131,183,509.526664
-217.250179,106,510.77975
-172.393149,113,510.966763
-465.171915,114,512.237965
-288.985408,100,513.499874
-365.343839,192,514.766971
-460.020773,185,516.279922
-384.358074,176,517.414882
-456.433057,149,519.039001
-346.61714,146,520.330271
-268.166864,88,520.476778
-471.953177,128,521.627314
-238.35262,142,523.139802
-428.435424,154,524.426304
-665.828963,136,525.475299
-344.28352,205,526.60579
-462.739267,137,527.815294
-351.752077,95,529.18667
-381.934045,173,530.462259
38.663671,106,530.637272
-378.727278,97,531.777277
-293.979765,186,533.180266
-467.505514,90,533.32827
-303.783977,97,534.48776
-321.22481,100,535.422262
-341.650539,148,536.449258
-325.359965,111,537.440251
-351.624076,158,538.656758
-331.491045,201,540.03574
-155.508684,137,541.435199
-258.783561,91,541.587708
-95.343357,93,542.670285
-73.078495,128,543.73886
-239.488537,161,545.005447
-357.428436,118,546.302983
-203.364003,122,547.710078
-259.595356,142,548.914662
-28.075855,107,550.263754
-178.745083,187,551.825862
-294.851607,92,551.977369
-226.441372,86,553.185956
-201.123075,113,554.124022
-467.366609,153,555.186146
-212.560393,109,556.340227
-274.733603,99,557.352842
-305.106043,107,558.658429
-256.031222,133,560.057523
-20.62276,81,560.19103
-306.074593,135,561.110096
-28.150532,118,562.421681
-345.881477,187,564.007787
-165.059381,150,565.232874
-397.814263,128,566.285939
-72.039092,200,567.434019
-345.669178,229,569.120633
-323.564573,79,570.125205
-161.417405,141,571.272272
-498.385996,151,572.360846
-193.573627,105,573.528148
-356.39605,145,574.600773
-206.247841,115,575.788563
-350.192614,106,576.800642
-55.386526,111,577.858717
-288.835972,83,577.997223
-135.417852,124,579.142309
-130.161164,113,580.162378
-275.169153,149,581.516467
-257.633415,87,582.771052
-275.691366,109,583.769119
-201.166863,108,584.743187
3.355648,103,586.034049
-97.977003,224,587.502658
-62.499322,99,588.559232
-436.548788,115,589.644309
-208.748926,222,591.025403
-303.953808,98,591.188414
-251.577128,115,592.370495
-402.890942,184,594.025112
-384.894733,106,595.039681
-122.405548,147,596.298762
-317.736018,149,597.520345
-206.173206,146,598.562911
52.673452,116,599.534974
-249.872927,96,600.514537
-215.610295,138,601.644115
-512.978433,174,602.855011
-170.454878,119,603.940586
-182.549163,202,605.297791
-35.726253,98,605.460804
-206.693051,136,606.897899
-255.263708,86,607.039912
-84.845397,158,608.228997
-326.535449,112,609.432581
-375.030358,239,610.872679
-265.945782,111,611.975261
-327.875429,142,613.028337
-364.904729,88,614.052412
-589.358364,268,615.805031
-655.692139,158,616.860118
-464.272831,181,618.336767
-158.905695,116,618.533798
-568.498394,267,620.471706
-317.71518,91,620.623229
-203.018164,105,621.795622
-365.101459,82,622.791561
-389.252386,82,622.926805
-405.197948,198,624.291192
-659.042172,290,625.780616
-313.195277,226,627.337523
-501.675298,133,628.416997
-358.006921,322,630.176097
-472.403941,217,631.751656
-313.925678,165,632.840177
-235.253042,102,633.207444
-486.19016,218,634.920105
-377.706774,135,635.972844
-236.32818,156,637.018472
-161.66049,117,638.162605
-279.095493,149,639.236728
-357.306446,252,640.883922
-321.461263,107,642.045063
-336.898879,143,643.042171
-192.144498,293,645.177442
-453.786162,139,646.657218
-346.898888,106,646.834726
-269.441658,167,648.323983
-539.437466,154,649.523564
-436.14142,261,650.972918
-347.752809,149,652.043486
-193.923582,227,653.500085
-262.198007,193,654.640658
-239.791217,200,656.449277
-148.825872,144,657.498471
-207.793035,93,658.478538
-355.466334,188,659.658613
-382.607495,167,661.315993
-247.956189,151,662.634578
-402.579074,156,663.733657
-75.483745,113,664.760593
-52.399397,122,665.805719
-382.078139,138,666.992766
-191.083765,125,668.019763
-312.22852,175,669.246758
-78.729241,163,670.840247
-179.417183,205,672.095747
-33.295899,127,673.141236
-231.297977,200,674.512232
-123.75774,203,675.809734
-50.486464,118,677.244728
-199.20827,156,678.581287
-599.66097,128,679.865385
-428.866447,189,681.676258
-497.642789,152,682.72788
-105.102724,87,683.820454
-115.992246,333,685.66918
-296.02975,159,687.285329
-473.315494,131,688.784503
-225.3165,91,688.936516
-239.454224,116,690.090265
-62.651854,96,691.351851
-391.965063,166,692.479423
-221.526616,180,694.075033
-90.469894,142,695.281113
-48.702906,121,696.330693
-178.942227,394,698.399684
-188.928456,108,699.496622
-50.771414,92,699.651058
-347.039941,252,701.228189
-187.444626,95,702.723192
-260.122141,88,703.711191
-407.098289,212,705.046123
-267.47537,141,707.002171
-117.508283,79,707.133678
-297.110157,418,709.052682
-105.258703,288,711.154794
-243.54516,122,712.504291
-56.777045,153,713.664877
-345.910064,106,714.739946
-291.874844,255,716.376564
-180.948684,199,717.999928
-346.612233,144,719.187012
-484.068791,120,720.463114
-268.856792,110,721.56102
-227.340666,162,722.852449
-415.29276,155,724.497562
-56.247841,83,724.636072
-232.356129,130,725.710685
-349.519396,107,727.206288
-231.36524,102,728.269863
-328.349059,270,729.749465
-28.876182,245,731.240073
-238.771995,116,732.302647
-67.625112,195,733.437729
-223.028363,232,735.080054
-413.335619,311,736.995192
-122.429088,192,738.463793
-66.069207,150,739.471861
-117.872697,184,740.841455
-203.140347,82,740.976645
-17.805957,115,742.064225
-340.39419,235,743.778847
-224.941931,342,745.663985
-13.680829,168,746.755569
-389.751737,112,747.763641
-325.477882,371,749.649281
-37.463392,143,750.75736
-74.058084,132,751.808431
-303.020549,136,752.837504
-326.168454,125,753.934589
-25.242786,119,755.027163
-124.23939,171,756.135743
-227.983391,162,757.632865
-34.035326,129,758.964959
-176.678825,255,760.775078
-397.083161,188,762.072404
-289.413729,112,763.152544
-245.988031,171,764.239116
-9.902902,216,765.980739
-293.093756,107,767.010803
-73.311129,132,768.15488
-5.726037,122,769.366464
-13.317271,77,769.494972
-297.236222,117,770.588294
-509.571832,113,772.015387
-131.572066,137,773.03496
-290.675578,162,774.460562
-338.822865,125,775.908653
-69.685801,160,777.336252
-321.007452,220,778.638838
-344.384851,102,780.121453
-70.552743,181,781.57256
-84.087637,190,783.091661
-207.033742,138,784.217254
-301.694779,186,785.623813
-106.109454,130,786.792808
-18.215163,149,787.977668
-250.568295,148,789.091254
-84.68375,148,790.152797
-69.757642,161,791.299343
-84.012259,153,793.0063
-441.531736,118,794.261463
-226.473659,315,796.147687
-127.315761,197,797.424784
-279.546725,401,799.662965
-238.865892,159,800.937555
-50.929224,128,802.046134
-307.790165,135,803.077707
-121.128136,675,805.764379
-77.244346,138,807.045963
-181.104494,119,808.310858
-288.785355,97,809.44694
-70.021943,139,810.519512
-87.307995,106,811.579093
-247.142636,96,812.547656
4.448659,1000,816.48067
-262.401483,101,816.648179
-65.392938,94,817.881705
-203.138836,86,818.838745
-229.778797,82,818.973715
-36.458923,135,820.183792
-96.157472,143,821.759639
-75.270818,124,821.963157
-22.672724,117,823.425247
-47.644915,133,824.814982
-43.602193,72,826.217508
-56.660166,100,827.198145
8.190093,214,828.430894
-21.596285,110,829.929002
-208.004119,80,830.982574
-302.985464,85,831.939144
-31.57382,121,833.15273
-147.494481,105,833.327741
-168.269148,102,834.577328
-68.964455,108,835.755405
-185.840534,144,836.782975
-43.910058,102,837.821041
-64.591972,73,838.805106
-46.794144,98,838.968781
-75.928203,104,840.189359
-48.267579,111,841.219425
-166.135019,72,842.180488
-192.619302,65,842.289995
-51.811429,114,843.274566
-274.352474,148,844.313632
-171.293987,110,845.355716
-212.266924,187,846.457794
34.875592,96,847.626189
-154.347453,170,848.543435
-103.05407,130,849.814643
-261.089045,289,851.745575
-410.399122,114,852.931197
-289.901936,171,854.298558
-318.496327,165,855.409649
-191.098489,111,856.60761
-216.188752,197,857.891864
-164.422231,271,859.623673
-231.201089,316,861.388843
1.046932,107,862.474921
-33.705905,203,863.844508
-397.371033,297,865.58745
-325.828396,313,867.112081
0.961416,99,868.411775
-81.304817,139,869.68103
-211.360218,101,870.85061
-113.013631,137,871.930703
-71.499754,136,872.974279
22.964703,1000,876.85664
-320.456275,149,877.877872
52.010836,1000,881.86293
-82.127769,136,882.896007
-55.604755,104,883.85657
-296.422757,133,885.042649
-44.461268,112,886.013718
-75.770856,113,887.184303
-46.955483,91,887.341811
-322.282268,114,888.495896
-129.585479,125,889.664473
-35.528238,76,890.739481
-57.145871,122,891.935466
-94.752723,94,892.972969
-61.041429,123,893.178982
-178.869789,114,894.32492
-8.383351,117,895.595438
-70.220479,103,896.733975
-0.772829,95,897.82039
-99.493045,100,898.963388
7.996137,162,900.441381
-10.816462,118,901.373377
-56.508254,141,902.602875
6.757707,101,903.651876
-21.074653,109,904.734365
4.770526,104,904.907364
-106.655905,85,906.186865
-51.03091,124,907.274863
15.215797,111,908.282859
42.100196,162,909.489852
-189.81999,143,910.660847
-58.727503,92,911.76234
-192.608338,178,912.880334
-218.812705,177,914.598241
-202.021497,197,915.744815
-210.224517,236,917.402317
51.516291,157,918.532308
-85.675562,118,919.909307
-198.819679,237,921.600808
-261.31491,145,922.4968
-412.456188,258,924.125799
-434.41319,739,927.35874
-271.792713,204,928.8221
-155.069922,224,930.563106
-374.635155,402,932.739129
-464.611508,366,934.716376
-310.713279,300,936.792013
-70.48506,192,938.073593
-277.812416,105,939.237667
-290.37797,428,941.240177
-305.122722,508,944.015579
-89.767028,229,945.418365
-26.519779,288,946.996011
-29.508164,542,949.569969
-33.083511,114,950.79506
-182.563849,147,952.385931
-17.477429,126,953.619539
-251.402955,85,953.762638
-159.338079,632,956.47139
-47.963168,120,957.682502
-53.309931,83,958.843512
-124.567994,84,960.123341
30.100598,84,960.263851
-11.636279,88,961.457933
24.091576,1000,965.434828
-44.7943,104,965.607842
-32.729902,1000,969.533747
-83.259557,189,971.060853
-9.933551,104,972.072016
59.95365,1000,976.012808
-71.675796,115,977.358388
-58.362452,130,978.601758
188.698367,269,980.228594
230.27703,312,982.313082
5.733875,137,983.286077
-34.576672,224,984.799078
-31.320303,74,984.923584
-86.878075,79,985.8101
44.074031,88,986.909579
71.254166,1000,990.697048
-64.780935,79,991.96913
34.171671,1000,995.839645
-129.195744,76,995.968152
-14.859201,89,997.003723
1.111007,113,997.990792
4.706176,183,999.125872
13.657483,91,1000.395467
-37.151925,86,1001.423532
-4.907989,126,1002.685116
-11.637363,208,1003.8997
-147.01563,61,1005.165777
-80.64748,82,1006.127853
4.477708,185,1007.757473
38.271356,112,1008.776545
64.088174,1000,1012.706338
-34.372601,141,1013.89389
66.258767,1000,1017.811938
-58.32398,180,1019.173757
-0.178649,137,1020.218207
10.991442,70,1021.172971
-88.738842,76,1021.299859
-24.16148,125,1022.369646
-28.871953,156,1023.501835
28.998584,131,1024.893749
-75.922323,261,1026.680216
-150.465352,65,1027.895106
-3.886787,96,1028.939679
-10.07136,140,1030.296381
10.4795,96,1031.593084
-14.995589,148,1033.251199
0.250705,110,1034.225523
-175.955795,76,1034.353739
6.886145,141,1035.415734
-21.292283,108,1036.563394
29.678884,100,1037.555733
51.195577,1000,1041.471075
37.809849,107,1042.966657
101.523715,1000,1047.196093
45.680799,119,1048.471925
-29.814123,79,1049.553196
60.635053,146,1050.733897
-33.474778,183,1051.888217
-3.472255,155,1053.494062
8.81603,242,1055.106663
206.250187,542,1057.695547
-15.751898,105,1058.776329
88.27757,1000,1062.777515
93.395345,1000,1067.130196
25.096507,102,1068.32599
35.88319,111,1069.348944
18.580398,103,1070.462745
10.53391,121,1071.63556
-64.085474,84,1071.777698
-8.27335,173,1073.290791
2.241205,290,1074.965537
-23.032857,221,1076.322714
-10.525827,93,1076.479221
13.341087,146,1077.86284
129.954416,1000,1081.853259
145.06782,1000,1086.059189
142.988513,1000,1089.959185
-19.607828,211,1091.316138
28.904002,123,1092.660174
-140.701086,69,1092.774681
200.481351,979,1096.594684
66.119554,1000,1100.550145
109.946027,1000,1104.665889
1.823085,99,1106.076874
-156.080267,99,1107.1603
18.830836,115,1108.163323
82.392075,1000,1111.993141
-18.185746,82,1112.132156
193.754642,833,1115.659612
235.486351,322,1117.107138
-76.077457,93,1118.245339
-68.754858,81,1119.187802
211.57649,306,1120.869889
214.92405,749,1123.821404
-141.14348,128,1124.812963
64.939543,165,1126.033054
118.425255,799,1129.258769
41.361302,175,1131.04989
2.307891,141,1132.329058
-6.32052,265,1133.80116
14.252854,102,1134.797225
-74.429434,285,1136.539346
-75.438563,232,1137.94194
222.800329,405,1140.006083
28.132098,202,1141.37068
41.156163,120,1141.568694
239.603195,637,1144.646238
40.301826,150,1146.206853
27.065532,206,1147.68245
-19.281252,181,1149.031542
-176.602954,229,1150.643156
38.789947,116,1151.98375
216.909487,428,1154.269354
-76.777811,89,1154.416862
30.233664,171,1155.804938
-76.590239,1000,1159.684185
55.239221,148,1161.239605
4.001583,135,1162.651232
41.700075,145,1163.830476
157.075358,810,1166.940357
245.620119,289,1168.428307
-22.33018,85,1169.68089
30.61101,137,1170.859988
16.856105,115,1172.020562
212.307707,371,1173.73075
16.012321,107,1174.735383
33.491099,147,1175.831958
13.511753,98,1176.805519
21.866878,89,1176.952039
271.194743,434,1179.115133
279.624766,254,1180.80965
177.969062,475,1183.102925
-2.741762,232,1184.697524
-101.981045,91,1186.101168
-0.193502,185,1187.175056
158.534077,577,1190.361715
29.97048,93,1191.333783
43.924394,96,1191.494291
-3.230953,148,1192.766875
10.931142,286,1194.583669
2.042253,84,1195.563736
-40.701921,128,1197.110353
-5.105087,265,1198.886477
-5.831162,183,1200.437596
41.362125,111,1201.394667
244.563661,289,1202.949017
67.053715,136,1204.066591
220.807863,363,1205.937196
12.721724,90,1206.900756
11.538433,191,1208.152396
58.32157,143,1209.523488
9.292963,115,1210.672565
-0.366638,83,1211.716635
81.66744,124,1212.666699
-7.646635,322,1214.275311
33.999615,243,1216.040433
-21.790953,99,1217.32302
99.091434,1000,1221.204135
30.549829,113,1222.194445
-84.798088,102,1223.122169
236.724553,355,1225.240201
-135.159215,85,1226.330272
21.284265,214,1227.673244
-45.99488,91,1227.823753
-191.267595,120,1228.989714
40.919962,149,1230.260661
42.805061,137,1231.722103
220.686405,309,1233.534404
246.23137,438,1235.465178
31.480861,209,1237.102164
8.946368,250,1238.534348
261.165902,210,1239.895961
238.076899,393,1242.12581
233.877855,376,1244.189259
242.366581,340,1245.971881
247.600627,360,1247.987886
12.440205,200,1249.394282
-24.745114,101,1249.564295
-142.753623,510,1251.902946
21.492753,107,1253.280542
11.287955,158,1254.510813
-19.336837,106,1255.6419
198.041248,418,1257.868336
19.335752,303,1259.681968
15.512243,191,1260.777544
24.969707,120,1261.975951
26.599079,108,1263.047214
-1.247749,105,1264.206795
-19.499844,88,1265.218084
4.480991,216,1266.465509
257.671612,344,1268.600994
-23.251333,263,1270.145495
-78.3866,77,1271.343492
3.825083,140,1272.444979
237.140224,318,1274.078481
219.96644,399,1276.315472
-9.860025,286,1278.406465
39.178855,198,1279.777459
188.22266,481,1282.268449
-18.066322,103,1283.254445
-1.502292,113,1284.348934
-38.479309,270,1286.008436
191.490158,346,1287.621431
198.599434,490,1290.381912
-39.027296,94,1291.459414
215.355377,408,1293.339423
204.549276,573,1296.144396
53.486954,161,1297.309881
55.450357,135,1298.347389
1.449478,182,1299.446384
181.979704,511,1302.023996
39.294319,85,1303.227305
250.074444,267,1304.793678
-39.73773,83,1305.856269
41.24748,119,1306.99305
283.01044,251,1308.419559
268.634283,274,1310.114376
52.025238,108,1311.12992
-66.931725,529,1313.620105
236.07459,345,1315.521735
92.887052,117,1315.718584
27.729477,96,1316.988216
-112.942299,81,1318.210297
-60.069817,90,1319.409172
24.175298,197,1321.048401
256.252871,257,1322.510067
-86.639617,78,1323.550672
-56.547084,82,1323.688802
51.107605,158,1324.988987
-110.955217,199,1326.402827
-51.835753,186,1327.685939
-43.277641,95,1327.844956
-80.52136,107,1328.875543
9.53382,111,1329.899622
-50.569752,156,1330.955715
8.001485,111,1332.223811
-14.777727,141,1333.474923
176.838918,567,1336.202332
-34.156263,227,1337.570085
19.83076,131,1338.971751
234.518042,296,1340.922525
228.586546,371,1342.760791
200.157555,650,1345.605234
-15.146123,367,1347.593139
40.696715,155,1349.117115
-71.208793,723,1352.093342
71.309023,138,1353.740156
-67.557961,88,1353.886595
22.628012,147,1355.118775
42.888582,133,1356.466443
23.761055,102,1357.734527
1.375371,455,1360.019767
220.84749,490,1362.324429
2.754034,104,1362.499442
-30.164529,117,1363.803539
243.898728,264,1365.387645
-4.76741,363,1367.442289
238.769366,464,1369.778467
11.993138,107,1370.875038
234.36112,345,1372.790169
49.248435,118,1374.091763
-133.505975,70,1375.222509
10.714119,290,1376.79158
0.966331,101,1377.784662
223.426541,579,1380.184353
-127.221518,119,1381.700098
-144.392795,120,1382.779675
-77.966721,88,1383.96926
274.882697,273,1385.423352
242.143309,414,1387.456497
217.207874,365,1389.596147
-51.1686,107,1390.764227
-50.531769,372,1392.648864
68.750524,134,1393.668443
-7.591827,164,1394.785025
266.158466,286,1396.538176
8.072618,114,1396.731189
294.135863,223,1398.416816
-12.764656,112,1399.476911
15.873497,117,1400.514984
43.484624,154,1401.71108
211.439464,452,1404.044116
58.490784,144,1405.290724
201.303913,602,1407.782922
25.626955,137,1409.419044
-28.836326,106,1409.596057
9.111173,162,1411.003163
202.06842,464,1413.094362
22.067464,101,1414.381951
-145.951036,138,1415.454786
73.987776,123,1416.671863
-3.050222,207,1418.034447
-10.458714,80,1418.16846
214.836766,586,1420.758135
192.181155,562,1423.120283
18.860651,92,1424.308359
-69.03427,93,1425.305425
230.224047,395,1427.357574
27.954893,303,1428.898172
248.611118,405,1430.920316
-55.544782,81,1432.33792
223.040501,501,1434.56045
-34.868888,94,1435.527518
177.738022,508,1438.051185
262.620303,304,1439.680302
236.780127,362,1441.492419
32.190913,196,1442.672503
-6.860624,408,1445.095164
-17.69206,83,1445.23467
260.819863,300,1446.959921
38.098604,164,1448.230995
252.91939,322,1449.852098
202.902839,524,1452.650777
-4.023088,137,1454.385888
8.136557,91,1454.537394
227.446178,339,1456.465028
-174.367975,104,1457.528092
279.603993,291,1459.302711
226.621604,371,1461.123828
248.534937,274,1462.690938
-22.163035,109,1463.689253
212.51141,452,1465.84391
67.364264,114,1467.123015
155.905169,666,1470.04373
211.488429,521,1472.984437
7.736433,127,1474.305027
-27.881035,263,1476.234163
-43.339281,380,1478.478836
257.27142,263,1480.331471
249.858287,333,1482.331606
23.0852,131,1483.578703
65.373356,142,1484.668281
5.464404,151,1486.23188
163.815035,549,1489.057453
207.992997,413,1490.939075
173.027282,523,1493.257239
-4.213112,100,1494.262829
211.753312,385,1496.132471
227.777688,466,1498.348627
195.567246,453,1500.588784
-14.169774,139,1501.769424
78.323032,135,1502.922998
229.472846,403,1504.858136
-41.793515,92,1506.058217
278.773266,270,1507.457817
8.884308,198,1508.900415
36.740493,103,1510.00699
91.476359,135,1511.355083
25.070337,112,1511.540095
67.176784,115,1512.875185
245.043785,379,1514.788944
220.082022,408,1517.190698
10.800632,100,1517.357206
257.37117,258,1518.924413
26.897354,133,1520.237502
-25.637314,127,1521.560079
-49.280745,76,1522.697697
2.823541,111,1523.664611
56.153024,126,1524.830117
203.090422,453,1526.79212
-31.393586,80,1527.904586
157.820332,622,1530.513575
25.40241,84,1530.653083
-8.072116,285,1532.223576
177.149135,537,1534.715582
216.419808,476,1536.832059
-7.05587,153,1538.194571
28.050423,98,1539.189174
-17.467587,104,1539.361188
-4.900882,117,1540.552806
135.073976,724,1543.610831
199.364181,378,1545.43248
200.970089,529,1547.79839
166.686592,677,1550.455833
132.803095,532,1553.102276
212.369466,366,1555.068436
51.590725,164,1556.618157
65.807699,135,1558.015756
65.786668,124,1559.434014
207.116021,338,1561.352158
245.816578,278,1563.024897
44.503276,137,1564.56601
200.557888,569,1567.320524
269.372425,241,1568.692619
198.764212,539,1571.178402
205.03821,631,1573.734733
45.630502,1000,1577.509232
232.006475,384,1579.34275
-19.188802,105,1580.350815
238.773791,380,1582.388357
17.513653,289,1583.841187
3.047346,123,1584.984267
220.453938,327,1586.680392
45.958632,133,1588.097486
240.664218,252,1589.952207
256.451815,251,1591.610826
20.375825,88,1592.868491
262.493281,292,1594.388388
265.989493,305,1596.357911
-73.446769,86,1596.499923
-45.711195,81,1597.435484
44.249583,113,1598.441278
15.927653,91,1599.337405
287.272011,211,1600.689499
-26.190149,95,1601.70407
6.624419,121,1602.723138
29.427025,186,1603.849396
42.238763,236,1605.445342
28.064812,97,1606.454037
39.763711,162,1607.56819
253.270875,370,1609.509684
15.709201,109,1610.727326
270.458652,290,1612.237206
236.413241,325,1614.166201
41.439889,86,1614.310197
40.156837,200,1615.555192
28.773175,112,1616.526683
66.292571,151,1617.655688
283.042665,257,1619.18818
-54.274099,111,1620.290242
47.019678,152,1621.365312
40.599012,145,1622.563899
232.798438,278,1624.117007
47.99517,127,1625.438595
28.304885,196,1626.993207
33.224717,90,1627.969889
3.276683,109,1629.206467
21.042719,137,1630.787562
252.094769,279,1632.736954
250.495924,343,1634.59308
43.257088,262,1636.711146
1.606721,101,1636.879469
240.74683,342,1638.756093
263.93362,354,1640.56021
48.558038,127,1641.713457
23.890299,160,1642.975427
25.653673,124,1643.993998
30.314934,120,1645.035649
27.431874,169,1646.206752
17.828628,113,1647.455611
36.112755,149,1648.632763
266.806814,250,1650.117158
249.29439,287,1651.63193
286.682193,200,1653.464611
227.061044,293,1654.971351
-28.71567,78,1656.120428
315.375487,176,1657.286509
49.063575,172,1658.944617
34.286031,101,1659.110631
257.896625,241,1660.536937
28.839831,127,1661.867815
232.505709,315,1663.912509
266.98074,221,1665.227097
83.854156,132,1666.769204
214.684229,256,1668.647832
254.464246,318,1670.651468
17.072119,93,1671.650537
241.197358,361,1673.606673
31.687029,96,1673.768687
64.042071,163,1675.165026
-4.714372,176,1676.62702
1.041743,204,1677.95812
12.238071,98,1678.122133
-167.334119,117,1679.247347
42.758426,131,1680.370922
-64.275608,74,1681.503999
-25.764717,73,1681.626506
248.500911,270,1683.324152
254.2227,288,1685.187147
31.254183,89,1685.335653
266.301584,239,1686.964906
221.76029,292,1688.913549
240.386932,406,1690.994704
256.919436,349,1692.789831
315.802106,182,1694.39008
236.684052,501,1696.66625
4.588684,292,1698.166882
299.36626,272,1699.797783
273.337838,263,1701.559379
58.515809,133,1702.988486
15.18359,92,1703.994558
282.1921,318,1705.751652
66.404531,125,1707.253258
248.128532,319,1709.281738
253.117282,300,1710.791442
53.944449,150,1712.374091
232.222358,583,1714.907709
172.021128,632,1717.6123
-42.943619,338,1719.439933
191.221134,408,1721.631082
251.071628,375,1723.636737
255.22576,357,1725.685878
272.044962,462,1727.89004
-6.316939,78,1729.069617
237.661241,301,1730.695736
17.921311,291,1732.377845
238.850019,326,1734.529496
259.451996,310,1736.075094
246.335901,380,1738.17589
263.07234,289,1740.257534
152.815057,721,1743.323761
294.36763,276,1745.017378
230.550193,317,1747.277808
258.395395,288,1748.930417
253.545789,293,1750.539031
40.852026,127,1752.14414
258.539098,217,1754.032277
5.460308,92,1755.014343
223.145896,348,1756.812458
221.654542,374,1758.810089
-96.287635,67,1759.93866
-0.117772,89,1760.948723
23.246592,126,1762.188305
266.74829,327,1763.90242
19.011431,86,1764.971491
263.546468,362,1766.838621
-25.87863,359,1768.941267
6.448851,115,1769.135279
-13.698483,427,1771.576274
-29.054792,133,1772.80486
198.464846,494,1775.277522
-44.49202,345,1777.192155
181.048538,500,1779.672328
219.408229,547,1782.412649
-60.633648,76,1782.541155
-46.581284,242,1783.822864
-62.138263,356,1785.646565
-52.741511,81,1785.783073
-69.585771,249,1787.408193
245.156191,437,1789.79585
156.26764,449,1791.864977
196.982015,581,1794.669372
-61.935892,297,1796.332981
241.275326,423,1798.40063
172.649797,432,1801.029305
-17.30275,287,1802.701759
0.133918,107,1803.771823
-9.392503,315,1805.319139
-115.569759,494,1807.823616
163.275129,875,1812.597443
248.397283,464,1814.89219
-42.959277,85,1815.036201
159.304069,394,1816.963105
-67.481282,247,1818.80073
250.709828,369,1821.080376
-0.987033,121,1822.337975
10.993034,105,1823.610558
154.909007,502,1825.871206
16.962674,110,1826.87227
260.743389,238,1828.498879
252.51682,263,1830.280741
0.696052,294,1832.028476
39.666686,159,1833.129558
-15.578926,308,1835.187702
-34.765991,300,1836.988948
237.528329,334,1838.746612
219.418511,407,1841.114231
193.754708,439,1843.209734
260.010263,436,1845.482356
213.891095,514,1847.999695
1.893329,84,1848.139707
-38.15402,400,1850.081903
-1.635805,417,1852.55641
-53.186694,276,1854.083464
-34.624949,77,1854.213524
16.899277,96,1855.136183
9.485617,84,1856.249757
185.641626,547,1858.637426
232.187849,443,1860.782007
270.199467,295,1862.385139
42.68763,206,1863.425641
52.247332,132,1864.817735
217.734091,368,1866.804016
255.094615,299,1868.662139
233.042237,337,1870.478291
268.886329,250,1872.097401
25.527202,234,1873.64701
241.539887,330,1875.612612
40.248583,114,1876.868607
253.292846,364,1878.807042
-18.607186,297,1880.831085
77.0606,143,1882.001084
231.842585,289,1883.509582
234.794631,370,1885.479574
288.575184,244,1886.951062
-18.86979,258,1888.450564
215.57985,337,1890.186557
63.048321,140,1891.504551
-63.388443,264,1893.276542
218.820498,383,1895.316031
-55.437931,217,1896.679026
150.162462,537,1899.503241
186.503256,388,1901.533766
1.84289,198,1903.010366
181.272956,358,1905.013781
15.182497,110,1905.987848
-55.529577,207,1907.126577
240.184436,226,1908.84543
-12.220072,186,1910.362547
54.566238,130,1911.666135
244.966593,305,1913.469763
233.134288,245,1914.934363
-7.840144,215,1916.297955
283.483515,210,1917.800062
-3.939044,98,1919.044648
-38.215749,80,1920.038717
258.199973,272,1921.675331
-20.927272,185,1922.932917
256.200123,233,1924.726554
22.995796,117,1925.789128
279.528553,224,1927.197225
10.733375,81,1927.333236
243.813266,245,1928.830377
68.288116,88,1930.0489
9.564437,95,1931.032897
55.024077,100,1932.168399
256.584611,304,1934.10708
244.442051,297,1935.605179
241.350584,304,1937.40241
15.13412,83,1937.540421
230.007732,322,1939.233941
-257.391294,379,1941.333717
-73.484045,444,1943.371403
-11.523914,104,1944.53249
21.485283,84,1945.495559
275.90928,418,1947.756783
214.380748,434,1949.561848
29.629701,114,1950.875435
-6.647696,77,1951.936518
213.287201,460,1953.918507
216.163178,283,1955.860141
33.624607,110,1956.040154
16.987084,293,1957.960469
226.673984,388,1959.885348
-7.920229,91,1960.839416
236.43239,740,1964.137279
262.568728,387,1966.206765
292.911983,232,1967.589759
161.795326,676,1970.380255
200.572651,557,1973.280748
255.59255,236,1974.879472
-55.054724,201,1976.386773
224.488069,349,1978.215772
4.183032,106,1979.147338
89.366551,641,1982.090667
-74.175506,479,1984.358169
245.6046,391,1986.549548
-3.687652,107,1986.725561
24.954829,150,1988.36867
-43.300612,361,1990.251868
272.81768,251,1992.027988
190.22496,467,1994.485272
247.241988,371,1996.284394
-79.226998,340,1998.095038
-17.903036,151,1999.461134
-63.741722,263,2001.100749
-21.107178,305,2002.695855
-71.108777,390,2004.649007
263.646744,380,2006.653643
267.406015,229,2008.010244
-22.632066,117,2008.967813
196.668653,376,2010.885597
232.280194,272,2012.556096
-25.32543,313,2014.129584
207.08454,408,2016.518575
239.179473,329,2018.505089
240.158418,333,2020.332067
-65.965505,237,2021.957554
219.383701,401,2024.087053
-26.804887,171,2025.369044
25.869847,194,2026.765439
34.401038,149,2028.038557
-4.54855,184,2029.420912
0.95629,171,2030.743073
-3.826662,232,2032.188666
62.582077,147,2033.712771
274.792016,231,2035.381031
-47.692654,84,2036.546108
29.443926,101,2037.539677
