#{"t_start": 1753251575.4584863, "env_id": "Acrobot-v1"}
r,l,t
-500.0,500,1.109168
-500.0,500,1.273179
-500.0,500,1.604209
-500.0,500,1.98074
-447.0,448,3.720922
-427.0,428,4.033511
-500.0,500,4.393052
-451.0,452,4.732091
-385.0,386,6.398805
-188.0,189,6.53682
-500.0,500,6.912886
-367.0,368,7.18392
-500.0,500,7.548971
-258.0,259,7.741008
-282.0,283,9.337751
-384.0,385,9.617273
-218.0,219,9.780795
-378.0,379,10.062316
-296.0,297,10.283332
-214.0,215,10.439353
-231.0,232,10.613366
-238.0,239,12.168983
-193.0,194,12.313
-173.0,174,12.441509
-200.0,201,12.589017
-201.0,202,12.736034
-174.0,175,12.862545
-250.0,251,13.047567
-179.0,180,13.179085
-166.0,167,13.300599
-156.0,157,13.416118
-262.0,263,14.988809
-176.0,177,15.114967
-196.0,197,15.25748
-205.0,206,15.407499
-206.0,207,15.556004
-219.0,220,15.718024
-181.0,182,15.845529
-126.0,127,15.940049
-131.0,132,16.038567
-183.0,184,16.175644
-195.0,196,16.317373
-285.0,286,17.896054
-185.0,186,18.030065
-131.0,132,18.123571
-124.0,125,18.214079
-187.0,188,18.348585
-106.0,107,18.425595
-181.0,182,18.558859
-201.0,202,18.704848
-192.0,193,18.846922
-194.0,195,18.991432
-140.0,141,19.091938
-170.0,171,19.211661
-192.0,193,20.734265
-174.0,175,20.857773
-160.0,161,20.974279
-117.0,118,21.06295
-151.0,152,21.172412
-122.0,123,21.263921
-172.0,173,21.388426
-143.0,144,21.491691
-168.0,169,21.614707
-183.0,184,21.757214
-175.0,176,21.88972
-206.0,207,22.041734
-170.0,171,22.168241
-127.0,128,23.644157
-220.0,221,23.806687
-170.0,171,23.936194
-209.0,210,24.0897
-140.0,141,24.193945
-156.0,157,24.307957
-117.0,118,24.396959
-171.0,172,24.524486
-126.0,127,24.617993
-154.0,155,24.7305
-161.0,162,24.849006
-146.0,147,24.964513
-133.0,134,25.065019
-184.0,185,26.591418
-133.0,134,26.688926
-165.0,166,26.811938
-176.0,177,26.946446
-201.0,202,27.094954
-146.0,147,27.202461
-159.0,160,27.321096
-115.0,116,27.406601
-161.0,162,27.529111
-103.0,104,27.609617
-153.0,154,27.724124
-123.0,124,27.81563
-129.0,130,27.910138
-151.0,152,29.409106
-146.0,147,29.520612
-120.0,121,29.610119
-127.0,128,29.704121
-137.0,138,29.803628
-110.0,111,29.889132
-142.0,143,30.002642
-99.0,100,30.076146
-155.0,156,30.188653
-118.0,119,30.277159
-114.0,115,30.358667
-166.0,167,30.477174
-197.0,198,30.619187
-109.0,110,30.699189
-171.0,172,30.8232
-125.0,126,32.306606
-160.0,161,32.426618
-96.0,97,32.49962
-109.0,110,32.579124
-123.0,124,32.674631
-103.0,104,32.751856
-143.0,144,32.861315
-123.0,124,32.956821
-108.0,109,33.039315
-132.0,133,33.138821
-120.0,121,33.229848
-116.0,117,33.317313
-119.0,120,33.406315
-129.0,130,33.503822
-135.0,136,33.606315
-129.0,130,33.701821
-158.0,159,33.823818
-156.0,157,35.332226
-103.0,104,35.411732
-87.0,88,35.478732
-91.0,92,35.547239
-104.0,105,35.621746
-99.0,100,35.697748
-90.0,91,35.768894
-101.0,102,35.847304
-110.0,111,35.92881
-154.0,155,36.048303
-120.0,121,36.134809
-109.0,110,36.213304
-109.0,110,36.293304
-113.0,114,36.376809
-81.0,82,36.436301
-133.0,134,36.536808
-104.0,105,36.613301
-86.0,87,36.676301
-103.0,104,36.749807
-81.0,82,38.209295
-161.0,162,38.325801
-86.0,87,38.385801
-123.0,124,38.476294
-95.0,96,38.550891
-208.0,209,38.706295
-99.0,100,38.779799
-107.0,108,38.860292
-105.0,106,38.941799
-105.0,106,39.022292
-89.0,90,39.091292
-112.0,113,39.179798
-107.0,108,39.260291
-101.0,102,39.335798
-97.0,98,39.4078
-95.0,96,39.480291
-102.0,103,39.555797
-79.0,80,39.616289
-114.0,115,41.090859
-90.0,91,41.159366
-101.0,102,41.236873
-100.0,101,41.31238
-78.0,79,41.371379
-101.0,102,41.447887
-104.0,105,41.524393
-87.0,88,41.591393
-83.0,84,41.6529
-129.0,130,41.751406
-102.0,103,41.829913
-175.0,176,41.96142
-81.0,82,42.024927
-123.0,124,42.118433
-95.0,96,42.191433
-80.0,81,42.25194
-93.0,94,42.322447
-111.0,112,42.405451
-96.0,97,42.48046
-88.0,89,42.545967
-97.0,98,44.004066
-315.0,316,44.231585
-158.0,159,44.347091
-84.0,85,44.410598
-100.0,101,44.482598
-79.0,80,44.540106
-83.0,84,44.605108
-121.0,122,44.694614
-113.0,114,44.777757
-80.0,81,44.834264
-119.0,120,44.922771
-88.0,89,44.98877
-93.0,94,45.057277
-86.0,87,45.12229
-79.0,80,45.17729
-104.0,105,45.250796
-104.0,105,45.327304
-93.0,94,45.394306
-93.0,94,45.45781
-71.0,72,46.894908
-86.0,87,46.959413
-82.0,83,47.018919
-99.0,100,47.095425
-86.0,87,47.16193
-79.0,80,47.222437
-98.0,99,47.293437
-89.0,90,47.360944
-99.0,100,47.434451
-90.0,91,47.500453
-95.0,96,47.569957
-97.0,98,47.643464
-87.0,88,47.71097
-89.0,90,47.77697
-165.0,166,47.90148
-104.0,105,47.980984
-95.0,96,48.053491
-105.0,106,48.132998
-150.0,151,48.246505
-108.0,109,48.326011
-91.0,92,49.784342
-76.0,77,49.84151
-88.0,89,49.909512
-83.0,84,49.976017
-106.0,107,50.054523
-102.0,103,50.13203
-97.0,98,50.208032
-89.0,90,50.275536
-90.0,91,50.343043
-97.0,98,50.41855
-90.0,91,50.486549
-77.0,78,50.542057
-88.0,89,50.609561
-100.0,101,50.683563
-92.0,93,50.754071
-69.0,70,50.805073
-85.0,86,50.870577
-87.0,88,50.938085
-92.0,93,51.008086
-98.0,99,51.08259
-74.0,75,51.137952
-85.0,86,51.200953
-97.0,98,51.271408
-89.0,90,52.723914
-64.0,65,52.770914
-71.0,72,52.82442
-97.0,98,52.896422
-72.0,73,52.950929
-76.0,77,53.008929
-92.0,93,53.080433
-99.0,100,53.154941
-67.0,68,53.206943
-75.0,76,53.263447
-81.0,82,53.325954
-87.0,88,53.393954
-107.0,108,53.473461
-120.0,121,53.559969
-77.0,78,53.616475
-83.0,84,53.677475
-75.0,76,53.735983
-77.0,78,53.792983
-93.0,94,53.861489
-76.0,77,53.917996
-112.0,113,54.006999
-63.0,64,54.051502
-87.0,88,54.12001
-86.0,87,54.18401
-76.0,77,55.626245
-75.0,76,55.684245
-95.0,96,55.753752
-84.0,85,55.817259
-89.0,90,55.882259
-107.0,108,55.961766
-76.0,77,56.018272
-81.0,82,56.080273
-83.0,84,56.143779
-83.0,84,56.205781
-81.0,82,56.268291
-112.0,113,56.352792
-62.0,63,56.399794
-76.0,77,56.458299
-207.0,208,56.604807
-73.0,74,56.659312
-78.0,79,56.718818
-84.0,85,56.780819
-170.0,171,56.911832
-63.0,64,56.958832
-92.0,93,57.027339
-93.0,94,57.100341
-72.0,73,58.536289
-84.0,85,58.596291
-86.0,87,58.658795
-76.0,77,58.720303
-86.0,87,58.788303
-92.0,93,58.857809
-91.0,92,58.929316
-142.0,143,59.036822
-66.0,67,59.084822
-97.0,98,59.155329
-77.0,78,59.218835
-225.0,226,59.392879
-90.0,91,59.462386
-105.0,106,59.546892
-89.0,90,59.612399
-89.0,90,59.678399
-84.0,85,59.743906
-83.0,84,59.807908
-74.0,75,59.863413
-82.0,83,59.92492
-89.0,90,59.994919
-94.0,95,61.448582
-91.0,92,61.517088
-76.0,77,61.576088
-144.0,145,61.683595
-72.0,73,61.737102
-76.0,77,61.798104
-72.0,73,61.851609
-88.0,89,61.920115
-126.0,127,62.017622
-81.0,82,62.080623
-62.0,63,62.125129
-76.0,77,62.17813
-118.0,119,62.260636
-81.0,82,62.316142
-86.0,87,62.377142
-83.0,84,62.43665
-73.0,74,62.48665
-74.0,75,62.539156
-79.0,80,62.596156
-76.0,77,62.648663
-87.0,88,62.708667
-121.0,122,62.801173
-112.0,113,62.887182
-74.0,75,64.330469
-86.0,87,64.396469
-73.0,74,64.456976
-116.0,117,64.544482
-79.0,80,64.602484
-74.0,75,64.658989
-65.0,66,64.708991
-88.0,89,64.775495
-109.0,110,64.860003
-98.0,99,64.93651
-85.0,86,65.002511
-71.0,72,65.053016
-106.0,107,65.136522
-78.0,79,65.194522
-66.0,67,65.243664
-88.0,89,65.319172
-126.0,127,65.412679
-90.0,91,65.479678
-72.0,73,65.534185
-148.0,149,65.643691
-89.0,90,65.711693
-77.0,78,65.770191
-94.0,95,65.846697
-84.0,85,67.305187
-175.0,176,67.432184
-104.0,105,67.509187
-73.0,74,67.564691
-64.0,65,67.613184
-63.0,64,67.660184
-86.0,87,67.72469
-76.0,77,67.78369
-92.0,93,67.852689
-86.0,87,67.916178
-91.0,92,67.984178
-117.0,118,68.072686
-72.0,73,68.12918
-66.0,67,68.18018
-79.0,80,68.239687
-88.0,89,68.304689
-72.0,73,68.359181
-64.0,65,68.409183
-84.0,85,68.474688
-92.0,93,68.546181
-75.0,76,68.603183
-91.0,92,68.671687
-63.0,64,68.72018
-89.0,90,68.78818
-90.0,91,70.239551
-70.0,71,70.288551
-85.0,86,70.348747
-76.0,77,70.409749
-85.0,86,70.472173
-80.0,81,70.53468
-64.0,65,70.58268
-77.0,78,70.635173
-72.0,73,70.687173
-88.0,89,70.751679
-97.0,98,70.820057
-85.0,86,70.880057
-94.0,95,70.948565
-78.0,79,71.005566
-84.0,85,71.066072
-89.0,90,71.129578
-89.0,90,71.191578
-79.0,80,71.247085
-96.0,97,71.313591
-97.0,98,71.384591
-69.0,70,71.435098
-70.0,71,71.487098
-76.0,77,71.542605
-82.0,83,71.604607
-82.0,83,73.067207
-63.0,64,73.117714
-93.0,94,73.185714
-100.0,101,73.263221
-72.0,73,73.317739
-88.0,89,73.384739
-76.0,77,73.440245
-77.0,78,73.500247
-76.0,77,73.557682
-90.0,91,73.621189
-74.0,75,73.675189
-76.0,77,73.734696
-82.0,83,73.802698
-95.0,96,73.876204
-179.0,180,74.010714
-84.0,85,74.074218
-171.0,172,74.194727
-78.0,79,74.249233
-86.0,87,74.310236
-78.0,79,74.36974
-82.0,83,74.433247
-99.0,100,74.503249
-88.0,89,75.954586
-64.0,65,76.003589
-90.0,91,76.072093
-84.0,85,76.1346
-80.0,81,76.1956
-103.0,104,76.274106
-105.0,106,76.352614
-78.0,79,76.411616
-72.0,73,76.46612
-71.0,72,76.520628
-76.0,77,76.577628
-73.0,74,76.631134
-78.0,79,76.690134
-94.0,95,76.758641
-110.0,111,76.843148
-75.0,76,76.899151
-77.0,78,76.960268
-76.0,77,77.016775
-83.0,84,77.077775
-140.0,141,77.185282
-92.0,93,77.252307
-164.0,165,77.377318
-64.0,65,77.426467
-75.0,76,78.876704
-94.0,95,78.947211
-93.0,94,79.018718
-82.0,83,79.081718
-141.0,142,79.189225
-92.0,93,79.260732
-83.0,84,79.322239
-64.0,65,79.37124
-72.0,73,79.421746
-80.0,81,79.480746
-83.0,84,79.544791
-76.0,77,79.600793
-79.0,80,79.661298
-79.0,80,79.719804
-72.0,73,79.773804
-93.0,94,79.838311
-63.0,64,79.883311
-72.0,73,79.940818
-76.0,77,79.995818
-74.0,75,80.046325
-83.0,84,80.110327
-134.0,135,80.20634
-71.0,72,80.258844
-64.0,65,80.303846
-78.0,79,80.366351
-72.0,73,81.80145
-85.0,86,81.859954
-112.0,113,81.940462
-87.0,88,82.006464
-72.0,73,82.059968
-85.0,86,82.127476
-76.0,77,82.185476
-80.0,81,82.244982
-81.0,82,82.301985
-86.0,87,82.362489
-82.0,83,82.419997
-89.0,90,82.483997
-84.0,85,82.549504
-73.0,74,82.602506
-85.0,86,82.663011
-80.0,81,82.724029
-75.0,76,82.783029
-83.0,84,82.845537
-78.0,79,82.902539
-86.0,87,82.970043
-104.0,105,83.043551
-99.0,100,83.117057
-93.0,94,83.185056
-93.0,94,83.249564
-81.0,82,84.687663
-70.0,71,84.740169
-72.0,73,84.793169
-80.0,81,84.852676
-73.0,74,84.908726
-73.0,74,84.962231
-70.0,71,85.013233
-71.0,72,85.063611
-93.0,94,85.132116
-76.0,77,85.189118
-91.0,92,85.256729
-129.0,130,85.362235
-86.0,87,85.430743
-103.0,104,85.504744
-72.0,73,85.558249
-74.0,75,85.613252
-88.0,89,85.682757
-70.0,71,85.737263
-77.0,78,85.796263
-100.0,101,85.871771
-90.0,91,85.939277
-61.0,62,85.985277
-87.0,88,86.050785
-63.0,64,86.097785
-78.0,79,87.537644
-80.0,81,87.593644
-82.0,83,87.654152
-72.0,73,87.703154
-73.0,74,87.760659
-95.0,96,87.829066
-89.0,90,87.891066
-74.0,75,87.946573
-161.0,162,88.061079
-100.0,101,88.133587
-73.0,74,88.184587
-87.0,88,88.246094
-78.0,79,88.305096
-95.0,96,88.370601
-79.0,80,88.42911
-78.0,79,88.48511
-88.0,89,88.546616
-257.0,258,88.73163
-77.0,78,88.78563
-77.0,78,88.839137
-84.0,85,88.899137
-80.0,81,88.958644
-72.0,73,90.389968
-76.0,77,90.447475
-100.0,101,90.521982
-122.0,123,90.608984
-64.0,65,90.654489
-159.0,160,90.771996
-82.0,83,90.83533
-64.0,65,90.88433
-75.0,76,90.940837
-91.0,92,91.005839
-80.0,81,91.062344
-72.0,73,91.11785
-61.0,62,91.16285
-76.0,77,91.222358
-91.0,92,91.289357
-85.0,86,91.352864
-97.0,98,91.424371
-83.0,84,91.485371
-79.0,80,91.542878
-75.0,76,91.598878
-90.0,91,91.667386
-76.0,77,91.723894
-62.0,63,91.768894
-72.0,73,91.824401
-94.0,95,93.273666
-107.0,108,93.353172
-79.0,80,93.409174
-100.0,101,93.482679
-78.0,79,93.541186
-65.0,66,93.590186
-71.0,72,93.643693
-83.0,84,93.707695
-78.0,79,93.764199
-77.0,78,93.817707
-97.0,98,93.886707
-91.0,92,93.953214
-88.0,89,94.01672
-93.0,94,94.08672
-72.0,73,94.142227
-71.0,72,94.195227
-88.0,89,94.260734
-78.0,79,94.31924
-84.0,85,94.382241
-87.0,88,94.446748
-71.0,72,94.50075
-72.0,73,94.556254
-88.0,89,94.623762
-73.0,74,94.677762
-82.0,83,94.738269
-83.0,84,96.180918
-72.0,73,96.232425
-89.0,90,96.300437
-69.0,70,96.350944
-85.0,86,96.413946
-80.0,81,96.47445
-74.0,75,96.529958
-70.0,71,96.580958
-86.0,87,96.645464
-91.0,92,96.712467
-75.0,76,96.768972
-88.0,89,96.833532
-63.0,64,96.881533
-77.0,78,96.93704
-95.0,96,97.008042
-73.0,74,97.058546
-62.0,63,97.104548
-172.0,173,97.231559
-102.0,103,97.306561
-66.0,67,97.356066
-91.0,92,97.421572
-72.0,73,97.472573
-73.0,74,97.527072
-71.0,72,97.580071
-79.0,80,99.022994
-75.0,76,99.079994
-70.0,71,99.1325
-72.0,73,99.1845
-77.0,78,99.244007
-145.0,146,99.350514
-70.0,71,99.401516
-92.0,93,99.470021
-137.0,138,99.572528
-79.0,80,99.631035
-95.0,96,99.703037
-90.0,91,99.771543
-62.0,63,99.818049
-90.0,91,99.886049
-80.0,81,99.944555
-85.0,86,100.006557
-94.0,95,100.075063
-96.0,97,100.143569
-72.0,73,100.196569
-80.0,81,100.259105
-82.0,83,100.320567
-73.0,74,100.375567
-78.0,79,100.430577
-86.0,87,100.490577
-79.0,80,101.931345
-83.0,84,101.992345
-91.0,92,102.056366
-76.0,77,102.109369
-81.0,82,102.169873
-73.0,74,102.22438
-81.0,82,102.284379
-72.0,73,102.335886
-78.0,79,102.392886
-92.0,93,102.461393
-72.0,73,102.514395
-77.0,78,102.571581
-64.0,65,102.619089
-87.0,88,102.685089
-73.0,74,102.740596
-69.0,70,102.792596
-148.0,149,102.902623
-73.0,74,102.957947
-77.0,78,103.014949
-90.0,91,103.081454
-73.0,74,103.135961
-93.0,94,103.205468
-72.0,73,103.259487
-110.0,111,103.337995
-79.0,80,104.781092
-64.0,65,104.828598
-80.0,81,104.887598
-71.0,72,104.941106
-93.0,94,105.012108
-74.0,75,105.065612
-77.0,78,105.121863
-77.0,78,105.179863
-92.0,93,105.246889
-93.0,94,105.317394
-75.0,76,105.372396
-80.0,81,105.433903
-89.0,90,105.498903
-73.0,74,105.554415
-85.0,86,105.615417
-61.0,62,105.658921
-174.0,175,105.786428
-86.0,87,105.844934
-82.0,83,105.905937
-76.0,77,105.962948
-88.0,89,106.026455
-94.0,95,106.095455
-71.0,72,106.148962
-72.0,73,106.201962
-97.0,98,107.652256
-82.0,83,107.716259
-76.0,77,107.772441
-73.0,74,107.826947
-72.0,73,107.881948
-77.0,78,107.937454
-105.0,106,108.015961
-71.0,72,108.068465
-62.0,63,108.113468
-72.0,73,108.164675
-81.0,82,108.222775
-71.0,72,108.273775
-83.0,84,108.332851
-64.0,65,108.377851
-78.0,79,108.432358
-72.0,73,108.485358
-62.0,63,108.527864
-80.0,81,108.588865
-89.0,90,108.65612
-94.0,95,108.723626
-78.0,79,108.783627
-63.0,64,108.832133
-64.0,65,108.876133
-82.0,83,108.93464
-64.0,65,108.98264
-71.0,72,109.036147
-76.0,77,109.088147
-69.0,70,110.514578
-70.0,71,110.567082
-73.0,74,110.618589
-85.0,86,110.679591
-65.0,66,110.727098
-81.0,82,110.786098
-123.0,124,110.876605
-85.0,86,110.937111
-73.0,74,110.995111
-91.0,92,111.058618
-78.0,79,111.11362
-89.0,90,111.174124
-92.0,93,111.23822
-76.0,77,111.29422
-71.0,72,111.348261
-70.0,71,111.400261
-89.0,90,111.465769
-64.0,65,111.515771
-75.0,76,111.569276
-87.0,88,111.633783
-85.0,86,111.697783
-73.0,74,111.75229
-63.0,64,111.800289
-77.0,78,111.856797
-78.0,79,111.918301
-88.0,89,111.984303
-83.0,84,113.430983
-72.0,73,113.484983
-63.0,64,113.532491
-80.0,81,113.59449
-84.0,85,113.655997
-85.0,86,113.717
-102.0,103,113.792505
-77.0,78,113.850012
-77.0,78,113.908014
-78.0,79,113.968518
-78.0,79,114.023026
-79.0,80,114.078026
-90.0,91,114.145532
-80.0,81,114.202532
-70.0,71,114.25504
-83.0,84,114.318544
-79.0,80,114.379547
-72.0,73,114.432054
-75.0,76,114.487054
-76.0,77,114.543561
-72.0,73,114.59856
-81.0,82,114.658068
-82.0,83,114.718572
-76.0,77,114.774574
-69.0,70,114.824082
-76.0,77,116.261971
-78.0,79,116.320478
-64.0,65,116.366478
-75.0,76,116.419985
-95.0,96,116.486984
-80.0,81,116.545011
-73.0,74,116.596011
-83.0,84,116.656518
-76.0,77,116.709521
-72.0,73,116.763025
-88.0,89,116.827532
-94.0,95,116.895532
-71.0,72,116.949039
-70.0,71,117.000039
-76.0,77,117.053546
-70.0,71,117.102546
-70.0,71,117.156054
-85.0,86,117.219559
-72.0,73,117.270561
-114.0,115,117.356067
-75.0,76,117.413069
-80.0,81,117.472574
-157.0,158,117.583087
-75.0,76,117.640595
-185.0,186,119.149703
-73.0,74,119.198703
-78.0,79,119.25421
-100.0,101,119.326716
-62.0,63,119.375716
-94.0,95,119.447223
-79.0,80,119.505225
-82.0,83,119.562731
-189.0,190,119.700238
-75.0,76,119.757745
-91.0,92,119.824252
-72.0,73,119.877252
-111.0,112,119.96176
-85.0,86,120.024266
-84.0,85,120.088266
-83.0,84,120.151773
-77.0,78,120.204775
-75.0,76,120.258281
-103.0,104,120.331787
-85.0,86,120.395787
-91.0,92,120.464293
-79.0,80,120.5218
-90.0,91,121.975487
-141.0,142,122.07498
-72.0,73,122.127486
-78.0,79,122.185487
-94.0,95,122.254979
-72.0,73,122.310981
-69.0,70,122.363486
-61.0,62,122.409488
-71.0,72,122.461978
-77.0,78,122.522485
-91.0,92,122.589484
-73.0,74,122.643977
-78.0,79,122.701977
-79.0,80,122.762499
-78.0,79,122.820976
-72.0,73,122.876976
-76.0,77,122.935483
-72.0,73,122.994483
-79.0,80,123.050976
-100.0,101,123.125482
-80.0,81,123.184482
-79.0,80,123.241975
-81.0,82,123.301975
-177.0,178,123.437974
-85.0,86,124.881477
-63.0,64,124.927969
-123.0,124,125.017971
-77.0,78,125.072476
-79.0,80,125.129968
-84.0,85,125.194968
-73.0,74,125.247474
-71.0,72,125.300474
-84.0,85,125.362967
-71.0,72,125.415969
-76.0,77,125.471474
-89.0,90,125.535966
-64.0,65,125.582966
-71.0,72,125.636472
-71.0,72,125.689473
-70.0,71,125.743966
-103.0,104,125.817968
-97.0,98,125.894472
-73.0,74,125.949965
-75.0,76,126.005968
-77.0,78,126.060475
-88.0,89,126.127965
-64.0,65,126.172964
-70.0,71,126.225471
-69.0,70,126.272471
-85.0,86,126.333964
-76.0,77,127.780466
-77.0,78,127.838958
-64.0,65,127.886958
-99.0,100,127.961467
-76.0,77,128.017467
-71.0,72,128.066957
-72.0,73,128.119461
-78.0,79,128.178463
-70.0,71,128.230956
-89.0,90,128.294956
-95.0,96,128.364463
-70.0,71,128.415466
-83.0,84,128.477956
-75.0,76,128.533462
-88.0,89,128.596462
-80.0,81,128.655955
-78.0,79,128.714957
-75.0,76,128.770461
-77.0,78,128.823954
-69.0,70,128.871954
-77.0,78,128.927461
-78.0,79,128.987177
-90.0,91,129.053187
-128.0,129,129.148693
-78.0,79,129.206695
-74.0,75,130.643819
-155.0,156,130.759326
-73.0,74,130.813328
-72.0,73,130.868834
-80.0,81,130.92934
-76.0,77,130.98934
-72.0,73,131.043847
-80.0,81,131.104847
-63.0,64,131.151353
-80.0,81,131.210355
-77.0,78,131.268382
-79.0,80,131.326888
-75.0,76,131.383888
-77.0,78,131.441395
-94.0,95,131.508396
-76.0,77,131.561902
-133.0,134,131.662407
-94.0,95,131.732419
-73.0,74,131.786419
-92.0,93,131.854926
-119.0,120,131.939433
-81.0,82,131.999433
-72.0,73,132.048942
-69.0,70,132.099943
-94.0,95,133.556161
-81.0,82,133.617224
-84.0,85,133.679729
-75.0,76,133.736236
-86.0,87,133.800236
-77.0,78,133.860245
-84.0,85,133.924751
-69.0,70,133.975753
-76.0,77,134.031258
-70.0,71,134.080258
-80.0,81,134.140858
-65.0,66,134.189766
-76.0,77,134.248272
-76.0,77,134.303272
-68.0,69,134.353779
-77.0,78,134.409781
-69.0,70,134.460286
-84.0,85,134.518288
-62.0,63,134.563792
-98.0,99,134.632299
-77.0,78,134.686299
-101.0,102,134.761805
-80.0,81,134.817807
-71.0,72,134.868314
-79.0,80,134.927819
-63.0,64,134.976821
-72.0,73,136.412424
-95.0,96,136.482928
-73.0,74,136.537987
-93.0,94,136.605986
-83.0,84,136.666218
-85.0,86,136.732248
-79.0,80,136.788248
-64.0,65,136.836528
-72.0,73,136.888526
-77.0,78,136.945034
-64.0,65,136.994034
-77.0,78,137.050539
-91.0,92,137.117542
-83.0,84,137.17757
-72.0,73,137.233077
-73.0,74,137.285077
-77.0,78,137.340583
-75.0,76,137.393584
-84.0,85,137.458796
-83.0,84,137.521798
-75.0,76,137.577041
-87.0,88,137.641548
-104.0,105,137.719584
-77.0,78,137.778088
-89.0,90,137.844595
-72.0,73,139.280193
-81.0,82,139.3397
-77.0,78,139.392699
-94.0,95,139.462206
-81.0,82,139.525498
-86.0,87,139.590496
-87.0,88,139.654003
-93.0,94,139.720005
-71.0,72,139.770509
-71.0,72,139.822512
-77.0,78,139.879734
-72.0,73,139.932767
-93.0,94,140.000767
-97.0,98,140.069273
-82.0,83,140.13078
-63.0,64,140.17678
-77.0,78,140.2329
-83.0,84,140.2939
-84.0,85,140.354998
-77.0,78,140.407998
-70.0,71,140.4591
-81.0,82,140.515103
-74.0,75,140.571129
-70.0,71,140.624197
-85.0,86,140.686196
-76.0,77,140.740704
-77.0,78,142.191301
-71.0,72,142.244579
-88.0,89,142.309581
-86.0,87,142.371084
-77.0,78,142.427591
-71.0,72,142.480591
-78.0,79,142.537642
-69.0,70,142.589643
-61.0,62,142.63615
-71.0,72,142.69115
-73.0,74,142.744656
-70.0,71,142.797657
-69.0,70,142.848734
-90.0,91,142.918737
-63.0,64,142.965829
-89.0,90,143.030913
-71.0,72,143.078913
-113.0,114,143.164953
-77.0,78,143.222955
-82.0,83,143.283125
-83.0,84,143.347133
-78.0,79,143.405133
-71.0,72,143.457163
-73.0,74,143.512165
-98.0,99,143.583291
-79.0,80,143.641797
-76.0,77,145.08239
-75.0,76,145.138896
-87.0,88,145.204896
-78.0,79,145.262403
-78.0,79,145.318405
-74.0,75,145.369909
-80.0,81,145.429075
-88.0,89,145.494075
-75.0,76,145.552363
-77.0,78,145.610365
-98.0,99,145.68387
-87.0,88,145.748376
-83.0,84,145.811378
-77.0,78,145.869883
-76.0,77,145.927389
-64.0,65,145.976389
-87.0,88,146.038896
-76.0,77,146.092896
-87.0,88,146.156403
-84.0,85,146.220405
-75.0,76,146.275735
-77.0,78,146.331241
-78.0,79,146.387241
-77.0,78,146.445748
-85.0,86,146.507748
-77.0,78,147.953247
-123.0,124,148.047754
-95.0,96,148.116757
-177.0,178,148.246768
-70.0,71,148.299768
-83.0,84,148.360274
-73.0,74,148.413276
-108.0,109,148.48978
-79.0,80,148.548286
-76.0,77,148.603286
-63.0,64,148.651792
-81.0,82,148.711794
-82.0,83,148.774297
-156.0,157,148.896804
-74.0,75,148.95431
-70.0,71,149.00731
-213.0,214,149.164323
-63.0,64,149.213326
-77.0,78,149.27083
-92.0,93,149.341337
-84.0,85,149.404337
-76.0,77,150.841456
-78.0,79,150.897455
-86.0,87,150.962963
-88.0,89,151.03047
-121.0,122,151.121471
-184.0,185,151.258482
-78.0,79,151.315484
-68.0,69,151.367989
-110.0,111,151.449495
-76.0,77,151.504494
-70.0,71,151.555001
-85.0,86,151.618003
-73.0,74,151.669507
-85.0,86,151.732013
-86.0,87,151.796013
-76.0,77,151.853519
-78.0,79,151.911521
-88.0,89,151.974026
-69.0,70,152.024028
-85.0,86,152.086533
-88.0,89,152.15204
-71.0,72,152.204039
-76.0,77,152.261545
-86.0,87,153.704181
-86.0,87,153.767687
-75.0,76,153.82369
-78.0,79,153.879195
-104.0,105,153.952701
-71.0,72,154.006701
-80.0,81,154.062209
-69.0,70,154.111211
-89.0,90,154.173715
-87.0,88,154.237221
-90.0,91,154.304221
-91.0,92,154.369727
-71.0,72,154.424729
-97.0,98,154.497234
-84.0,85,154.563739
-74.0,75,154.618741
-76.0,77,154.674246
-84.0,85,154.732752
-93.0,94,154.801752
-70.0,71,154.851259
-77.0,78,154.906259
-77.0,78,154.962765
-107.0,108,155.038273
-90.0,91,155.100273
-77.0,78,155.159779
-80.0,81,156.596397
-77.0,78,156.652903
-78.0,79,156.706903
-79.0,80,156.765409
-85.0,86,156.826915
-70.0,71,156.878915
-101.0,102,156.950422
-83.0,84,157.011424
-71.0,72,157.061929
-81.0,82,157.11893
-88.0,89,157.183435
-83.0,84,157.244941
-77.0,78,157.301941
-84.0,85,157.363447
-79.0,80,157.41845
-68.0,69,157.465955
-76.0,77,157.522957
-79.0,80,157.579462
-79.0,80,157.633969
-81.0,82,157.696969
-81.0,82,157.757475
-62.0,63,157.804475
-79.0,80,157.860981
-73.0,74,157.914983
-83.0,84,157.980487
-84.0,85,159.43661
-62.0,63,159.48561
-71.0,72,159.537115
-78.0,79,159.593115
-156.0,157,159.707622
-76.0,77,159.765128
-73.0,74,159.820131
-103.0,104,159.899637
-68.0,69,159.949142
-72.0,73,160.004143
-89.0,90,160.06865
-76.0,77,160.124652
-79.0,80,160.182156
-86.0,87,160.246663
-70.0,71,160.299663
-81.0,82,160.358169
-85.0,86,160.424171
-71.0,72,160.477675
-84.0,85,160.54118
-76.0,77,160.59718
-77.0,78,160.653687
-79.0,80,160.706687
-91.0,92,160.775701
-81.0,82,160.836209
-63.0,64,160.881209
-71.0,72,162.323104
-102.0,103,162.397608
-78.0,79,162.456115
-69.0,70,162.507115
-89.0,90,162.571622
-84.0,85,162.631129
-76.0,77,162.687129
-84.0,85,162.747635
-107.0,108,162.828142
-73.0,74,162.877142
-93.0,94,162.942648
-69.0,70,162.993648
-79.0,80,163.052155
-84.0,85,163.113158
-86.0,87,163.176661
-88.0,89,163.239169
-81.0,82,163.296169
-76.0,77,163.352675
-93.0,94,163.423182
-71.0,72,163.475685
-160.0,161,163.592192
-76.0,77,163.646698
-83.0,84,163.707699
-73.0,74,163.761207
-105.0,106,165.226938
-69.0,70,165.27494
-72.0,73,165.329447
-69.0,70,165.379447
-88.0,89,165.444953
-77.0,78,165.500953
-87.0,88,165.567461
-87.0,88,165.629967
-79.0,80,165.688968
-71.0,72,165.739475
-77.0,78,165.79656
-83.0,84,165.858067
-60.0,61,165.901067
-91.0,92,165.965167
-94.0,95,166.032237
-88.0,89,166.093237
-71.0,72,166.145744
-72.0,73,166.201744
-81.0,82,166.258413
-71.0,72,166.309414
-105.0,106,166.388921
-87.0,88,166.449427
-88.0,89,166.513431
-91.0,92,166.581934
-80.0,81,166.640441
-85.0,86,168.090539
-81.0,82,168.150046
-78.0,79,168.209046
-100.0,101,168.279053
-88.0,89,168.34256
-78.0,79,168.40056
-98.0,99,168.472693
-71.0,72,168.525695
-76.0,77,168.578001
-94.0,95,168.645053
-78.0,79,168.703053
-71.0,72,168.753211
-90.0,91,168.822214
-72.0,73,168.875508
-77.0,78,168.932016
-86.0,87,168.999016
-85.0,86,169.061523
-85.0,86,169.125525
-68.0,69,169.17803
-161.0,162,169.300537
-71.0,72,169.353586
-78.0,79,169.412586
-83.0,84,169.479093
-80.0,81,170.924859
-79.0,80,170.984364
-85.0,86,171.043869
-86.0,87,171.106869
-90.0,91,171.171377
-69.0,70,171.221379
-70.0,71,171.272883
-78.0,79,171.330389
-103.0,104,171.40939
-79.0,80,171.468896
-63.0,64,171.514898
-80.0,81,171.571403
-71.0,72,171.626405
-83.0,84,171.68591
-71.0,72,171.741417
-72.0,73,171.795417
-77.0,78,171.853924
-69.0,70,171.904923
-70.0,71,171.956431
-69.0,70,172.007431
-94.0,95,172.077937
-75.0,76,172.135021
-75.0,76,172.192113
-89.0,90,172.254626
-81.0,82,172.312626
-90.0,91,172.379133
-83.0,84,173.829749
-109.0,110,173.909751
-69.0,70,173.961257
-72.0,73,174.016259
-79.0,80,174.072764
-70.0,71,174.122766
-70.0,71,174.17327
-88.0,89,174.239778
-86.0,87,174.302778
-75.0,76,174.357284
-90.0,91,174.424286
-69.0,70,174.4763
-92.0,93,174.541807
-84.0,85,174.604807
-76.0,77,174.661315
-72.0,73,174.712315
-85.0,86,174.772822
-89.0,90,174.835329
-84.0,85,174.897328
-81.0,82,174.956836
-88.0,89,175.022837
-106.0,107,175.099342
-75.0,76,175.151849
-68.0,69,175.202849
-69.0,70,175.253355
-109.0,110,176.721956
-79.0,80,176.781462
-145.0,146,176.891969
-74.0,75,176.946475
-78.0,79,177.005475
-83.0,84,177.062982
-89.0,90,177.127985
-76.0,77,177.18049
-84.0,85,177.240997
-79.0,80,177.296997
-87.0,88,177.360503
-85.0,86,177.422505
-77.0,78,177.47701
-98.0,99,177.550516
-85.0,86,177.609516
-88.0,89,177.673023
-71.0,72,177.725025
-78.0,79,177.78153
-73.0,74,177.836036
-89.0,90,177.900037
-79.0,80,177.959543
-91.0,92,178.028545
-81.0,82,178.088049
-93.0,94,179.541153
-78.0,79,179.599153
-72.0,73,179.652659
-76.0,77,179.710659
-77.0,78,179.768166
-94.0,95,179.838672
-80.0,81,179.899672
-87.0,88,179.967184
-84.0,85,180.03069
-85.0,86,180.09269
-83.0,84,180.153197
-93.0,94,180.221199
-74.0,75,180.275703
-76.0,77,180.33121
-69.0,70,180.38121
-77.0,78,180.438717
-80.0,81,180.494717
-79.0,80,180.552224
-63.0,64,180.598224
-72.0,73,180.65073
-88.0,89,180.717732
-214.0,215,180.874743
-96.0,97,180.94725
-86.0,87,181.01225
-77.0,78,182.456355
-84.0,85,182.516357
-85.0,86,182.577863
-72.0,73,182.630368
-86.0,87,182.69637
-69.0,70,182.747876
-139.0,140,182.851383
-83.0,84,182.911383
-70.0,71,182.964889
-76.0,77,183.019891
-83.0,84,183.078396
-74.0,75,183.131903
-72.0,73,183.185903
-102.0,103,183.26241
-182.0,183,183.396917
-73.0,74,183.451424
-95.0,96,183.523426
-76.0,77,183.578931
-77.0,78,183.635439
-63.0,64,183.683439
-83.0,84,183.745945
-85.0,86,183.808946
-71.0,72,183.859453
-85.0,86,183.924455
-76.0,77,185.358313
-85.0,86,185.423316
-73.0,74,185.477622
-73.0,74,185.534653
-80.0,81,185.595653
-71.0,72,185.647825
-71.0,72,185.701825
-105.0,106,185.763334
-70.0,71,185.816336
-125.0,126,185.90884
-61.0,62,185.95538
-73.0,74,186.010347
-71.0,72,186.060853
-76.0,77,186.115854
-69.0,70,186.165361
-83.0,84,186.227363
-88.0,89,186.291867
-69.0,70,186.343905
-93.0,94,186.411905
-90.0,91,186.476069
-81.0,82,186.535576
-88.0,89,186.600576
-97.0,98,186.674083
-71.0,72,186.725085
-73.0,74,186.780097
-92.0,93,188.239249
-81.0,82,188.295249
-76.0,77,188.349756
-102.0,103,188.427766
-87.0,88,188.48827
-80.0,81,188.545573
-77.0,78,188.599573
-70.0,71,188.652613
-78.0,79,188.708613
-86.0,87,188.769764
-84.0,85,188.830766
-77.0,78,188.889805
-75.0,76,188.941049
-169.0,170,189.060067
-69.0,70,189.111067
-77.0,78,189.165574
-86.0,87,189.230576
-72.0,73,189.283081
-79.0,80,189.342588
-79.0,80,189.396588
-83.0,84,189.459599
-97.0,98,189.532104
-69.0,70,189.586106
-85.0,86,189.648147
-117.0,118,191.117249
-86.0,87,191.181756
-76.0,77,191.237263
-86.0,87,191.303263
-81.0,82,191.365427
-79.0,80,191.423429
-86.0,87,191.483934
-115.0,116,191.567442
-124.0,125,191.661949
-77.0,78,191.721951
-76.0,77,191.778456
-92.0,93,191.845488
-80.0,81,191.902488
-69.0,70,191.953996
-85.0,86,192.016009
-90.0,91,192.078516
-72.0,73,192.130518
-92.0,93,192.197753
-85.0,86,192.260879
-81.0,82,192.318882
-71.0,72,192.371053
-85.0,86,192.432056
-78.0,79,192.492141
-90.0,91,193.947972
-80.0,81,194.006972
-72.0,73,194.056479
-88.0,89,194.12248
-85.0,86,194.183985
-69.0,70,194.233489
-79.0,80,194.291492
-80.0,81,194.349
-94.0,95,194.418
-63.0,64,194.46401
-68.0,69,194.51401
-83.0,84,194.572516
-77.0,78,194.629519
-81.0,82,194.689603
-76.0,77,194.746724
-77.0,78,194.804724
-71.0,72,194.856231
-90.0,91,194.920234
-69.0,70,194.97274
-138.0,139,195.068246
-165.0,166,195.186752
-71.0,72,195.240934
-88.0,89,195.305933
-78.0,79,195.36296
-80.0,81,196.803391
-110.0,111,196.883898
-102.0,103,196.959404
-78.0,79,197.017404
-76.0,77,197.06891
-94.0,95,197.136417
-77.0,78,197.191417
-71.0,72,197.242924
-76.0,77,197.299925
-98.0,99,197.369244
-81.0,82,197.429247
-82.0,83,197.489751
-127.0,128,197.581783
-99.0,100,197.65684
-82.0,83,197.71884
-87.0,88,197.783348
-70.0,71,197.83235
-63.0,64,197.880854
-86.0,87,197.940892
-79.0,80,198.000892
-89.0,90,198.061399
-79.0,80,198.118399
-77.0,78,198.175905
-88.0,89,198.240414
-84.0,85,199.689828
-78.0,79,199.748336
-79.0,80,199.807335
-83.0,84,199.869843
-77.0,78,199.927845
-77.0,78,199.987349
-80.0,81,200.042856
-80.0,81,200.099856
-77.0,78,200.157364
-71.0,72,200.208364
-89.0,90,200.273871
-79.0,80,200.334375
-72.0,73,200.387377
-144.0,145,200.495692
-77.0,78,200.554199
-78.0,79,200.615199
-69.0,70,200.668332
-80.0,81,200.730334
-91.0,92,200.799839
-85.0,86,200.863346
-80.0,81,200.922348
-71.0,72,200.977398
-94.0,95,201.042904
-83.0,84,201.101904
-85.0,86,202.549817
-84.0,85,202.608816
-70.0,71,202.657323
-69.0,70,202.707324
-78.0,79,202.76383
-76.0,77,202.821833
-71.0,72,202.874338
-68.0,69,202.922341
-76.0,77,202.978845
-115.0,116,203.057351
-77.0,78,203.110352
-81.0,82,203.168858
-77.0,78,203.22486
-73.0,74,203.27707
-85.0,86,203.343578
-75.0,76,203.397578
-76.0,77,203.456085
-71.0,72,203.507085
-69.0,70,203.557592
-79.0,80,203.613592
-72.0,73,203.667099
-71.0,72,203.719099
-85.0,86,203.779607
-72.0,73,203.833609
-81.0,82,203.896113
-96.0,97,203.96462
-72.0,73,205.407255
-78.0,79,205.465761
-72.0,73,205.517761
-71.0,72,205.569269
-71.0,72,205.623271
-146.0,147,205.734777
-89.0,90,205.798282
-73.0,74,205.852788
-71.0,72,205.906789
-76.0,77,205.961295
-91.0,92,206.028297
-69.0,70,206.078802
-84.0,85,206.138309
-84.0,85,206.202309
-92.0,93,206.269815
-97.0,98,206.338323
-72.0,73,206.389323
-83.0,84,206.448829
-78.0,79,206.505829
-81.0,82,206.564337
-71.0,72,206.617336
-84.0,85,206.677843
-87.0,88,206.74135
-84.0,85,206.80435
-90.0,91,206.869857
-94.0,95,208.328025
-80.0,81,208.38753
-126.0,127,208.478036
-93.0,94,208.548542
-82.0,83,208.609542
-69.0,70,208.661047
-72.0,73,208.714047
-71.0,72,208.768554
-69.0,70,208.818554
-86.0,87,208.88106
-81.0,82,208.940567
-87.0,88,209.006567
-76.0,77,209.061072
-77.0,78,209.119072
-77.0,78,209.176579
-77.0,78,209.231581
-77.0,78,209.284086
-77.0,78,209.342593
-80.0,81,209.399593
-110.0,111,209.481603
-78.0,79,209.540108
-78.0,79,209.598108
-79.0,80,209.655615
-76.0,77,209.710615
-79.0,80,211.176214
-105.0,106,211.25372
-80.0,81,211.31472
-80.0,81,211.375225
-89.0,90,211.441731
-101.0,102,211.516731
-83.0,84,211.579237
-94.0,95,211.650743
-81.0,82,211.714744
-89.0,90,211.783249
-73.0,74,211.839756
-79.0,80,211.901756
-99.0,100,211.977261
-78.0,79,212.036765
-174.0,175,212.169273
-76.0,77,212.226779
-92.0,93,212.295282
-68.0,69,212.344789
-76.0,77,212.398789
-75.0,76,212.453295
-76.0,77,212.510294
-77.0,78,212.567801
-85.0,86,212.632803
-88.0,89,214.099394
-91.0,92,214.167901
-84.0,85,214.231902
-78.0,79,214.291406
-123.0,124,214.378912
-84.0,85,214.441418
-69.0,70,214.491418
-108.0,109,214.573924
-72.0,73,214.627926
-83.0,84,214.68943
-78.0,79,214.747936
-83.0,84,214.813936
-164.0,165,214.936946
-63.0,64,214.985948
-69.0,70,215.037959
-72.0,73,215.091959
-71.0,72,215.144465
-74.0,75,215.202465
-83.0,84,215.262972
-80.0,81,215.323973
-71.0,72,215.377477
-72.0,73,215.432479
-76.0,77,215.490984
-83.0,84,215.55249
-69.0,70,215.604489
-78.0,79,217.066083
-78.0,79,217.124085
-86.0,87,217.189589
-72.0,73,217.245096
-83.0,84,217.306096
-77.0,78,217.363603
-87.0,88,217.428605
-84.0,85,217.49211
-73.0,74,217.546616
-71.0,72,217.601616
-70.0,71,217.655122
-77.0,78,217.714122
-84.0,85,217.778628
-115.0,116,217.866134
-79.0,80,217.926136
-71.0,72,217.98064
-202.0,203,218.129149
-92.0,93,218.199653
-71.0,72,218.253159
-75.0,76,218.309159
-71.0,72,218.366665
-92.0,93,218.437169
-89.0,90,218.504171
-81.0,82,219.976765
-77.0,78,220.038271
-75.0,76,220.096271
-86.0,87,220.161777
-62.0,63,220.20928
-89.0,90,220.276786
-71.0,72,220.329787
-78.0,79,220.389293
-150.0,151,220.507798
-79.0,80,220.569305
-177.0,178,220.703811
-91.0,92,220.776318
-69.0,70,220.828319
-69.0,70,220.879823
-69.0,70,220.932825
-108.0,109,221.015329
-78.0,79,221.075539
-81.0,82,221.138048
-183.0,184,221.276555
-82.0,83,221.339063
-71.0,72,221.394063
-86.0,87,221.45757
-85.0,86,222.926865
-81.0,82,222.989369
-100.0,101,223.064876
-76.0,77,223.120876
-86.0,87,223.185382
-79.0,80,223.243889
-83.0,84,223.306889
-70.0,71,223.358396
-72.0,73,223.415396
-71.0,72,223.468902
-79.0,80,223.528904
-83.0,84,223.591409
-84.0,85,223.655916
-77.0,78,223.713916
-78.0,79,223.775422
-80.0,81,223.835424
-73.0,74,223.890929
-92.0,93,223.959436
-85.0,86,224.025438
-79.0,80,224.082943
-76.0,77,224.14045
-80.0,81,224.198449
-93.0,94,224.266957
-70.0,71,224.320957
-73.0,74,224.374463
-71.0,72,224.429465
-78.0,79,225.894248
-93.0,94,225.963755
-86.0,87,226.032756
-87.0,88,226.098261
-76.0,77,226.155768
-71.0,72,226.209768
-80.0,81,226.271275
-125.0,126,226.36378
-76.0,77,226.423783
-62.0,63,226.469287
-77.0,78,226.52429
-83.0,84,226.583794
-208.0,209,226.728304
-79.0,80,226.785809
-63.0,64,226.83281
-78.0,79,226.890315
-182.0,183,227.021821
-74.0,75,227.074329
-92.0,93,227.140836
-77.0,78,227.195836
-89.0,90,227.262852
-103.0,104,227.336854
-84.0,85,228.789253
-77.0,78,228.84276
-73.0,74,228.89576
-82.0,83,228.956267
-68.0,69,229.009267
-103.0,104,229.081774
-93.0,94,229.14728
-90.0,91,229.21328
-92.0,93,229.278788
-71.0,72,229.329791
-145.0,146,229.432297
-83.0,84,229.495803
-76.0,77,229.551309
-69.0,70,229.604309
-73.0,74,229.656816
-76.0,77,229.710816
-84.0,85,229.772322
-85.0,86,229.834324
-76.0,77,229.890542
-71.0,72,229.942049
-76.0,77,229.998049
-77.0,78,230.053555
-78.0,79,230.108556
-70.0,71,230.160063
-87.0,88,231.614374
-89.0,90,231.68088
-87.0,88,231.742388
-80.0,81,231.798388
-81.0,82,231.855895
-77.0,78,231.913894
-73.0,74,231.965402
-77.0,78,232.025403
-89.0,90,232.092908
-80.0,81,232.149415
-84.0,85,232.208415
-70.0,71,232.259922
-76.0,77,232.315922
-92.0,93,232.381429
-77.0,78,232.438933
-70.0,71,232.490936
-144.0,145,232.596276
-70.0,71,232.648782
-89.0,90,232.714782
-78.0,79,232.77329
-63.0,64,232.82029
-103.0,104,232.891796
-71.0,72,232.9462
-73.0,74,233.0002
-92.0,93,233.065706
-72.0,73,234.504874
-80.0,81,234.563381
-86.0,87,234.626384
-98.0,99,234.698986
-89.0,90,234.765493
-79.0,80,234.825496
-77.0,78,234.881999
-78.0,79,234.940507
-80.0,81,234.999507
-79.0,80,235.055014
-82.0,83,235.115014
-70.0,71,235.163522
-71.0,72,235.215522
-118.0,119,235.299028
-77.0,78,235.358083
-125.0,126,235.449188
-82.0,83,235.510188
-84.0,85,235.574552
-78.0,79,235.633555
-85.0,86,235.695059
-167.0,168,235.818566
-78.0,79,235.876073
-63.0,64,235.923074
-78.0,79,237.372567
-76.0,77,237.430569
-71.0,72,237.484582
-97.0,98,237.555089
-83.0,84,237.618089
-69.0,70,237.671596
-81.0,82,237.733598
-77.0,78,237.791103
-63.0,64,237.836106
-68.0,69,237.88661
-77.0,78,237.944111
-91.0,92,238.01311
-76.0,77,238.065618
-88.0,89,238.12862
-79.0,80,238.183126
-75.0,76,238.238129
-92.0,93,238.304634
-78.0,79,238.360142
-78.0,79,238.418142
-79.0,80,238.47965
-76.0,77,238.535651
-73.0,74,238.591156
-77.0,78,238.647663
-80.0,81,238.707663
-71.0,72,238.758171
-75.0,76,238.818171
-82.0,83,240.288331
-88.0,89,240.353838
-77.0,78,240.412839
-79.0,80,240.473346
-90.0,91,240.540855
-76.0,77,240.594855
-87.0,88,240.659364
-87.0,88,240.725367
-63.0,64,240.771871
-70.0,71,240.823871
-92.0,93,240.894379
-87.0,88,240.957886
-85.0,86,241.021886
-72.0,73,241.076394
-86.0,87,241.140902
-74.0,75,241.195902
-78.0,79,241.25341
-77.0,78,241.311409
-90.0,91,241.378917
-81.0,82,241.441425
-80.0,81,241.501425
-76.0,77,241.558931
-85.0,86,241.623437
-78.0,79,241.679945
-97.0,98,241.753453
-126.0,127,243.251059
-90.0,91,243.317059
-84.0,85,243.377566
-78.0,79,243.436569
-62.0,63,243.483073
-104.0,105,243.561581
-70.0,71,243.612581
-77.0,78,243.671087
-88.0,89,243.736089
-83.0,84,243.797595
-83.0,84,243.858101
-87.0,88,243.922101
-74.0,75,243.976609
-83.0,84,244.040112
-80.0,81,244.099115
-78.0,79,244.157623
-76.0,77,244.211623
-73.0,74,244.266131
-134.0,135,244.362145
-79.0,80,244.420143
-70.0,71,244.471652
-83.0,84,244.533654
-79.0,80,244.592158
-76.0,77,244.650666
-79.0,80,246.112762
-85.0,86,246.176274
-73.0,74,246.229276
-77.0,78,246.285781
-87.0,88,246.349287
-76.0,77,246.407287
-83.0,84,246.472794
-86.0,87,246.535796
-92.0,93,246.603301
-99.0,100,246.680808
-71.0,72,246.73181
-84.0,85,246.793314
-78.0,79,246.852821
-88.0,89,246.918821
-74.0,75,246.975327
-85.0,86,247.035329
-87.0,88,247.101337
-91.0,92,247.166845
-62.0,63,247.212845
-71.0,72,247.265352
-88.0,89,247.331354
-87.0,88,247.393858
-202.0,203,247.544872
-77.0,78,249.044483
-77.0,78,249.100484
-79.0,80,249.16199
-79.0,80,249.22099
-72.0,73,249.278499
-75.0,76,249.342006
-78.0,79,249.400512
-98.0,99,249.471021
-82.0,83,249.535023
-79.0,80,249.590529
-75.0,76,249.648038
-77.0,78,249.705038
-84.0,85,249.768545
-72.0,73,249.823546
-73.0,74,249.879052
-86.0,87,249.94756
-69.0,70,250.00556
-77.0,78,250.062067
-62.0,63,250.110067
-76.0,77,250.172574
-69.0,70,250.226577
-77.0,78,250.285081
-71.0,72,250.340586
-77.0,78,250.402588
-69.0,70,250.456095
-77.0,78,250.514096
-71.0,72,250.566608
-97.0,98,252.092726
-79.0,80,252.150233
-85.0,86,252.216237
-89.0,90,252.28474
-75.0,76,252.343249
-63.0,64,252.39325
-79.0,80,252.450756
-79.0,80,252.510756
-77.0,78,252.565264
-85.0,86,252.624264
-85.0,86,252.689771
-84.0,85,252.750278
-79.0,80,252.810278
-90.0,91,252.878786
-85.0,86,252.947295
-87.0,88,253.018294
-83.0,84,253.079801
-70.0,71,253.132803
-88.0,89,253.205309
-88.0,89,253.274815
-71.0,72,253.333817
-79.0,80,253.394323
-70.0,71,253.449832
-82.0,83,253.515831
-92.0,93,255.042953
-76.0,77,255.094952
-79.0,80,255.156458
-69.0,70,255.207458
-71.0,72,255.260469
-90.0,91,255.329472
-93.0,94,255.395976
-82.0,83,255.456485
-81.0,82,255.515485
-77.0,78,255.573993
-79.0,80,255.632994
-78.0,79,255.6935
-83.0,84,255.760016
-71.0,72,255.816016
-80.0,81,255.871524
-91.0,92,255.939526
-79.0,80,256.00003
-76.0,77,256.059537
-90.0,91,256.127539
-70.0,71,256.179043
-79.0,80,256.237046
-75.0,76,256.29355
-97.0,98,256.368062
-90.0,91,256.438064
-86.0,87,256.505569
-85.0,86,258.017687
-68.0,69,258.066193
-76.0,77,258.123193
-97.0,98,258.1947
-82.0,83,258.257206
-70.0,71,258.308206
-70.0,71,258.363713
-76.0,77,258.420713
-98.0,99,258.49222
-79.0,80,258.549728
-78.0,79,258.611728
-73.0,74,258.669235
-81.0,82,258.727237
-77.0,78,258.788743
-71.0,72,258.848249
-73.0,74,258.90925
-76.0,77,258.968756
-85.0,86,259.038759
-72.0,73,259.092263
-116.0,117,259.184771
-72.0,73,259.244278
-70.0,71,259.301278
-74.0,75,259.357786
-77.0,78,259.413786
-80.0,81,259.479293
-75.0,76,259.539297
-77.0,78,261.107043
-153.0,154,261.222549
-76.0,77,261.280056
-87.0,88,261.346563
-84.0,85,261.407563
-90.0,91,261.47707
-85.0,86,261.542576
-93.0,94,261.610576
-86.0,87,261.671083
-92.0,93,261.740086
-76.0,77,261.79659
-83.0,84,261.861234
-71.0,72,261.914234
-77.0,78,261.971741
-78.0,79,262.031742
-89.0,90,262.099249
-86.0,87,262.164755
-79.0,80,262.225755
-75.0,76,262.280262
-122.0,123,262.370768
-79.0,80,262.43177
-79.0,80,262.490275
-85.0,86,262.552781
-83.0,84,264.024379
-89.0,90,264.089885
-78.0,79,264.148392
-77.0,78,264.203392
-62.0,63,264.250898
-68.0,69,264.301898
-88.0,89,264.369406
-96.0,97,264.441909
-79.0,80,264.501911
-80.0,81,264.564419
-91.0,92,264.634421
-191.0,192,264.773439
-82.0,83,264.833441
-78.0,79,264.890945
-70.0,71,264.941947
-81.0,82,265.003452
-95.0,96,265.070974
-88.0,89,265.13396
-98.0,99,265.205465
-84.0,85,265.265972
-73.0,74,265.318972
-70.0,71,265.370479
-80.0,81,265.429481
-63.0,64,265.474984
-84.0,85,266.943854
-80.0,81,267.004854
-88.0,89,267.06836
-70.0,71,267.12236
-69.0,70,267.172867
-76.0,77,267.22987
-88.0,89,267.295374
-153.0,154,267.412608
-64.0,65,267.462636
-79.0,80,267.522636
-88.0,89,267.590143
-75.0,76,267.644649
-77.0,78,267.701649
-82.0,83,267.763156
-73.0,74,267.820156
-91.0,92,267.891662
-76.0,77,267.94717
-62.0,63,267.997169
-85.0,86,268.060675
-69.0,70,268.111675
-76.0,77,268.169182
-77.0,78,268.229184
-79.0,80,268.287688
-73.0,74,268.344195
-74.0,75,268.400195
-103.0,104,269.868324
-78.0,79,269.926324
-72.0,73,269.98383
-61.0,62,270.029832
-93.0,94,270.098336
-84.0,85,270.159842
-97.0,98,270.231843
-81.0,82,270.292348
-78.0,79,270.349854
-62.0,63,270.395854
-86.0,87,270.460361
-80.0,81,270.519361
-84.0,85,270.579866
-71.0,72,270.632868
-76.0,77,270.68934
-94.0,95,270.753846
-76.0,77,270.804846
-70.0,71,270.856354
-88.0,89,270.921353
-134.0,135,271.019859
-77.0,78,271.073366
-84.0,85,271.135368
-500.0,500,272.901994
-81.0,82,272.9635
-79.0,80,273.0245
-77.0,78,273.083005
-93.0,94,273.153511
-89.0,90,273.218512
-62.0,63,273.264017
-76.0,77,273.322017
-87.0,88,273.387524
-86.0,87,273.453029
-75.0,76,273.509029
-69.0,70,273.561535
-70.0,71,273.614535
-81.0,82,273.676041
-71.0,72,273.731043
-90.0,91,273.797548
-69.0,70,273.850053
-89.0,90,273.917053
-94.0,95,273.988559
-83.0,84,274.051065
-89.0,90,274.117065
-104.0,105,274.195571
-70.0,71,275.638164
-90.0,91,275.704669
-80.0,81,275.765174
-71.0,72,275.817174
-71.0,72,275.87068
-80.0,81,275.930682
-77.0,78,275.988187
-88.0,89,276.054693
-94.0,95,276.124693
-82.0,83,276.185199
-83.0,84,276.247706
-77.0,78,276.307708
-69.0,70,276.358211
-86.0,87,276.424211
-74.0,75,276.478718
-63.0,64,276.526718
-74.0,75,276.583223
-69.0,70,276.634225
-78.0,79,276.691729
-83.0,84,276.754235
-71.0,72,276.806235
-72.0,73,276.859741
-85.0,86,276.923741
-68.0,69,276.975247
-85.0,86,277.039249
-282.0,283,278.638857
-71.0,72,278.692361
-84.0,85,278.754867
-77.0,78,278.811867
-77.0,78,278.869372
-77.0,78,278.926373
-79.0,80,278.985879
-104.0,105,279.062385
-136.0,137,279.162892
-78.0,79,279.219892
-78.0,79,279.279397
-85.0,86,279.3424
-88.0,89,279.406904
-68.0,69,279.45741
-83.0,84,279.52041
-93.0,94,279.58879
-77.0,78,279.645296
-88.0,89,279.711296
-71.0,72,279.764803
-99.0,100,279.834805
-69.0,70,279.884309
-77.0,78,279.941311
-63.0,64,279.989816
-159.0,160,281.493915
-69.0,70,281.547421
-74.0,75,281.603421
-77.0,78,281.660928
-85.0,86,281.724927
-102.0,103,281.801433
-90.0,91,281.86794
-79.0,80,281.92594
-63.0,64,281.973445
-87.0,88,282.039448
-81.0,82,282.096952
-76.0,77,282.157459
-73.0,74,282.212459
-81.0,82,282.270965
-71.0,72,282.323965
-84.0,85,282.388471
-71.0,72,282.441473
-93.0,94,282.513978
-80.0,81,282.574483
-69.0,70,282.627483
-89.0,90,282.692989
-72.0,73,282.747494
-78.0,79,282.805494
-107.0,108,282.886001
