#{"t_start": 1753088762.6143987, "env_id": "LunarLander-v3"}
r,l,t
-107.917784,95,0.174017
-357.056246,98,1.388119
-275.731581,106,2.3922
-137.952297,75,2.518709
-107.319148,81,3.372282
41.468386,74,4.31836
-452.984097,94,4.473375
-169.772929,110,5.501602
-269.677031,79,6.407489
-166.616048,77,6.535
-80.614968,76,7.547584
-311.997077,102,8.517154
-35.704028,88,9.740419
-76.959773,117,9.933544
-130.770651,96,11.399855
-324.688747,95,12.459941
-270.724099,108,13.465516
-275.39823,90,13.616128
-227.954978,70,14.84953
-392.806656,138,15.902932
-75.726474,64,16.850484
-250.767209,93,17.003094
-404.190451,103,18.157298
-133.785355,102,19.187391
-107.145097,89,20.212509
-138.330474,68,20.325016
-7.336903,126,21.3451
-161.204694,80,22.354694
-305.562883,86,22.497238
-103.504009,96,23.484627
-440.924226,100,24.553614
-343.501202,99,25.574712
-227.676031,88,25.72222
-159.65719,130,26.988499
-118.895655,82,28.156092
-94.40636,90,29.13066
-149.332829,98,30.18324
-126.340825,107,30.357253
-144.050512,110,31.565348
-75.610318,56,32.610436
-86.574212,71,32.727943
-294.111203,128,33.73202
-429.980436,91,34.88546
-102.669495,70,35.000965
-107.001083,58,35.916541
-192.656861,90,36.863611
-338.127114,80,36.996118
-130.817026,83,37.985307
-179.576507,91,38.962381
-213.551804,78,39.090888
-388.739492,114,40.030454
-130.071226,92,41.173645
-73.083671,72,41.294158
-312.214185,103,42.365136
-112.610421,71,43.47332
-319.730498,109,44.597405
-58.630682,75,44.724017
-105.108251,83,45.793099
-287.282266,135,46.942893
-266.363173,72,47.064908
-73.611903,66,47.99248
-405.538586,112,49.016562
-75.115259,60,49.118072
-118.751958,108,49.983647
-431.186904,113,50.977734
-199.19772,80,51.829112
-241.721011,106,53.042392
-87.648749,70,53.15941
-134.597287,108,54.068077
-284.064332,96,55.153263
-50.851362,74,55.277278
-181.431611,97,56.162859
-126.379934,98,57.146753
-218.448523,70,57.263865
-233.961181,82,58.196547
-71.355933,72,59.13611
-291.758516,85,59.275124
-194.540595,125,60.41572
-357.060285,114,61.419262
-165.870819,77,62.366841
-240.759418,107,62.542349
-98.551602,68,63.697547
-61.889,71,64.633109
-125.369186,76,64.758619
-114.79475,73,65.817199
-266.896801,84,65.955709
-166.508245,130,67.063795
-70.772886,74,68.436393
-97.888242,67,69.357307
-335.797554,123,69.558325
-186.996597,92,70.823917
-222.008899,109,71.798995
-174.3619,86,72.796195
-254.65447,103,73.970299
17.901969,61,74.071807
-97.983786,107,75.050375
-139.704114,98,75.984446
-467.073433,97,76.146076
-353.109926,88,77.388316
-198.938411,64,78.335311
-68.905414,68,78.446818
-290.091164,80,79.357894
-268.594497,113,80.553524
-134.601655,69,80.666538
-50.829902,89,81.519593
0.254066,109,82.689692
-298.901911,101,82.855201
-61.713255,130,84.068805
-104.231506,69,85.25039
-302.255483,79,86.181869
-121.538446,92,86.335377
-16.175608,110,87.476759
-95.213947,65,88.409752
-284.804086,108,89.523442
-191.092998,114,89.711527
-122.871024,87,90.834531
-88.371709,68,91.849615
-173.567174,103,92.018629
-9.474357,70,93.266095
-137.480378,102,94.256601
-103.74543,84,94.395741
-116.233659,79,95.506801
-111.634468,56,96.433568
-189.454831,86,96.574583
-216.283387,114,97.689167
-282.166814,91,98.660733
-360.950372,119,99.946868
-123.522064,80,100.07796
-116.343154,116,101.178973
-85.274328,63,102.249046
-89.846301,63,102.35364
-88.631473,61,103.175117
-345.791094,98,103.335624
-180.062427,110,104.621221
-142.932985,80,105.777314
-87.087313,62,105.879826
-341.570717,123,106.852547
-228.936694,139,108.171663
-174.47201,94,109.529271
-137.355767,97,110.740897
-85.248067,70,111.676036
-105.945621,113,111.859546
-127.291163,88,113.226656
-389.038067,156,114.392746
-123.803237,85,115.736346
-276.851648,101,116.700425
-211.056181,122,117.894531
-76.140196,82,118.02904
-107.067072,70,119.053129
-225.949252,66,119.16264
-154.611782,135,120.136713
-168.074751,71,121.394308
-245.084124,77,122.290874
-128.257041,84,122.429381
-57.782091,69,123.370948
-81.923579,60,123.472958
-103.676338,94,124.406544
-103.886677,97,125.388196
-346.771438,131,126.458583
-227.593054,122,127.664285
-121.779548,71,127.784395
-229.103565,106,128.753366
-154.342388,108,129.81437
-101.357421,95,130.770145
-113.677373,129,131.939261
-280.237413,66,132.051772
-236.945023,74,132.941536
-113.106626,74,133.062047
-279.697917,101,133.926613
-223.293098,115,134.942715
-108.451266,68,135.896858
-256.790139,101,136.067466
-242.559175,88,137.379083
-90.169309,71,138.317611
-55.039267,76,138.455119
-120.739742,68,139.375845
-185.987411,102,140.613255
-321.76763,84,140.75736
-315.912927,96,141.879997
-226.622816,99,142.85152
-355.13234,107,143.895134
-80.522163,78,144.024704
-224.696751,105,145.065778
-101.191873,104,146.010735
-72.520818,63,146.114393
-180.97865,101,147.009327
-133.787632,75,147.97087
-213.172988,105,149.106659
-330.082235,86,149.241824
-367.113567,115,150.318269
-203.679747,85,151.184765
-403.696249,88,151.327883
-316.529324,94,152.514566
-67.935942,69,153.499243
-125.71155,121,154.586007
-162.620435,111,155.957794
-109.768818,87,156.103358
-432.998129,115,157.166398
-69.687734,71,158.116992
-78.740424,59,158.21504
-374.51126,103,159.095485
-231.679135,87,160.077283
-194.214109,65,160.184883
-66.537113,74,161.091699
-237.344154,99,161.255276
-496.423148,80,162.544127
-294.023487,122,163.563
-253.764864,116,164.58387
-254.828879,100,165.547557
-93.126886,82,165.683142
-107.650801,111,166.767653
-93.708817,78,167.872176
-207.362199,88,168.854621
-138.553601,106,169.029721
-273.471663,108,170.233329
-317.813148,77,171.403576
-65.276494,148,172.629735
-67.716102,121,173.655656
-324.10936,79,174.567652
-145.777028,69,174.686318
-87.745851,101,175.641153
-172.623003,140,176.873802
-81.56235,70,177.766026
-234.067346,125,177.979172
-223.256939,66,179.22427
-396.214538,115,180.227772
-125.969395,76,180.354337
-114.791171,87,181.234225
-118.505424,93,182.320444
-191.224686,119,183.360677
-236.806162,107,184.441326
-319.950037,118,185.59102
-147.260077,94,185.749103
-157.135206,86,186.890861
-101.150661,87,187.871108
-59.09898,71,187.989164
-86.480069,92,188.909196
-133.826241,132,189.963612
-73.961074,74,190.930373
-261.787868,66,191.041422
-98.490954,108,191.959147
-1.475238,89,192.807704
-78.468181,75,192.933766
-166.636588,113,193.900488
-154.732573,118,195.056751
-124.401423,111,196.07499
-94.168495,91,197.157006
-70.925947,79,197.291108
-191.125726,143,198.484231
-207.74182,120,199.957924
-89.869078,88,200.939952
-110.627577,131,202.020918
-116.35817,92,202.974034
-105.214079,118,204.252547
-363.537899,118,205.472232
-97.132902,79,205.603302
-183.206604,94,206.614655
-2.984258,143,207.704138
-247.173426,84,208.66407
-335.996422,136,209.9026
-127.601458,96,210.06267
-161.473357,83,211.029102
-325.715294,87,211.997017
-428.656645,71,212.115066
-288.314285,94,212.993881
-25.469939,90,214.069866
-263.514387,143,215.242595
-362.514355,129,216.278673
-139.594869,83,217.293817
-406.98126,132,218.724972
-279.475219,107,218.90406
-237.43638,115,220.32319
-113.333056,91,221.654001
-451.221095,95,222.673344
-106.84276,95,223.638117
-174.31058,69,223.756627
-279.522797,99,224.772279
-117.513269,71,224.892787
-86.691275,82,225.791351
-140.209389,138,226.850026
-375.890871,137,228.07634
-381.518542,141,229.186128
-18.776064,97,230.3547
-501.924772,187,231.467781
-350.879,87,231.818678
-437.206951,105,233.019313
-266.579375,123,234.040072
-458.249538,140,235.130936
-210.03564,116,236.094267
-247.832026,108,237.082098
-83.567705,80,237.214609
-418.4894,124,238.125213
-183.264532,65,239.434873
-538.602481,111,240.536009
-386.3396,79,240.668029
-528.582417,161,241.971682
-496.728622,118,243.235829
-384.480122,88,243.383856
-60.450487,94,244.339424
-535.686587,129,245.377054
-143.354412,80,246.333663
-519.667605,122,247.639894
-451.095731,107,247.818918
-379.940308,130,249.205598
-132.215324,80,250.43674
-467.961639,97,251.444734
-188.448279,71,251.563248
-439.244478,171,252.92592
29.979177,77,253.053431
-323.882175,102,253.957043
-370.85658,159,254.986673
-233.548316,135,256.301323
-204.951389,105,257.534977
-144.145642,101,258.520091
-72.44854,87,259.478212
-146.559691,152,260.758864
-79.817266,95,261.70098
-443.191912,126,262.930118
-300.074691,103,263.102142
7.914577,92,264.425892
-170.71768,149,265.533842
-162.213406,148,266.849493
-295.661262,136,268.379872
-487.896695,175,269.642256
-31.115443,88,270.538865
-127.263308,112,270.724889
-532.045699,125,271.905037
-358.695152,110,273.166695
-373.948779,108,274.450185
-71.090811,81,275.406306
-146.162552,88,275.552817
-369.452744,88,276.680677
-424.591615,127,277.755796
-137.498061,136,278.733913
-39.691866,108,279.898072
-235.089043,110,280.928189
-95.58273,105,281.867649
-216.996123,122,283.092897
-253.136377,125,284.311042
-71.650653,84,284.452068
-206.177144,99,285.566701
-326.29309,127,286.606255
-146.101126,72,287.512862
-384.851684,85,287.655374
-366.273216,118,288.750014
-240.576109,81,289.821651
-371.617655,103,290.906281
-152.25793,104,291.078308
-524.658969,173,292.656501
-115.778416,105,293.69413
-197.55585,147,294.992671
-242.333183,126,296.092311
-350.090929,112,297.299551
-191.087542,79,297.434062
-119.19223,187,298.84423
-214.559787,161,300.178566
-239.784792,87,301.115955
-171.399267,148,302.608532
-107.240861,68,302.720039
-169.198057,94,303.681108
-477.456661,114,304.665058
-416.11093,152,305.747633
-375.643198,107,306.798728
-161.421516,118,307.803165
-317.692287,112,308.950222
-499.965995,109,310.198941
-356.467156,132,311.532658
-108.065421,91,311.684414
-344.176238,88,312.805347
-306.228483,169,313.95296
-405.082689,126,315.266185
-454.666163,137,316.598786
-273.319686,109,317.912274
-237.855057,94,319.064898
-163.504381,90,320.064967
-125.136723,89,320.214978
-350.304255,89,321.312815
-11.829453,104,322.379191
-90.100287,90,323.369428
-199.111635,124,324.618598
-466.630732,201,326.149707
-211.770409,131,327.254857
-129.382152,101,328.172198
-197.307352,107,329.205731
-167.523392,143,330.56169
-92.606711,73,331.501415
-195.921655,111,331.685428
-92.992238,88,332.931394
-69.598041,96,334.018337
-112.467813,157,335.059406
-88.864751,81,336.055081
-134.384795,119,337.447836
-43.660112,71,337.568345
-185.084693,69,338.399908
-264.290442,156,339.62599
-271.849428,191,340.73007
-517.164437,152,342.210678
-54.037761,146,343.425326
-105.065314,85,343.568476
-57.002804,139,344.650558
-229.556424,148,346.502711
-333.733158,315,348.274329
-140.993893,204,349.692111
-96.528567,89,349.842618
-319.073885,124,351.055699
-316.831978,209,352.697462
-123.147212,142,353.778533
-255.845394,80,354.679094
-158.826972,120,355.754641
-292.701342,94,355.912638
-579.035485,128,357.097073
-485.068566,128,358.299167
-91.819665,112,359.583153
-469.181091,118,360.845052
-329.811903,129,362.097328
-357.161056,206,363.779301
-526.62143,144,365.10135
-566.374139,155,366.294957
-204.259179,102,367.361565
-314.789698,105,368.443146
-571.649411,178,369.657496
-435.220474,104,370.715813
-330.677149,87,371.703237
-560.110176,187,373.077751
-495.276242,199,374.465118
-365.259247,89,374.615132
-209.209569,94,375.611512
-89.487225,120,376.574074
-436.397114,182,377.708578
-242.033919,165,379.509323
-448.645136,188,380.676678
-314.872947,162,381.996181
-448.670878,142,383.795732
-226.14999,114,383.988243
-315.550013,116,385.314858
-324.895883,132,386.700952
-122.286805,118,388.199556
-39.639683,132,389.394144
-222.491474,104,390.850241
-362.766979,240,392.463449
-250.746355,231,393.993062
-310.322324,227,395.514296
-127.213875,252,397.143923
-343.305029,177,398.715048
-490.08665,159,399.823628
-110.46719,263,401.542759
-363.270519,87,402.723849
-263.898564,100,403.75694
-543.799459,159,405.066115
30.523638,107,406.081193
-299.162589,133,407.284305
-127.676282,230,408.838965
-474.158828,107,409.018981
-35.305156,222,410.63811
-79.061837,129,411.854208
-185.259749,116,413.257864
-273.527436,140,414.355448
-274.432051,176,415.884071
-166.25975,123,417.069672
-158.033846,148,418.506814
-245.991173,86,418.65032
-201.68761,106,419.690169
-65.693149,131,420.68324
-177.945191,136,422.003498
-158.935327,186,423.553774
-221.337825,122,424.925876
-49.592589,74,425.046906
-32.770816,105,426.003177
-280.779357,153,427.190585
-5.171472,74,428.256452
-150.378299,117,429.363549
-265.965621,139,430.444901
-73.19991,77,430.575408
-184.797508,124,431.676794
-83.878306,71,433.073782
-133.755525,139,434.122438
-63.262718,77,435.17389
-218.400208,84,435.314135
-266.338852,125,436.391683
-2.614844,81,437.706204
-312.538295,133,438.768535
-129.031605,101,439.751039
-59.614249,132,440.951629
-186.373624,81,441.086138
-205.326448,120,442.17631
-277.465786,165,444.008355
-107.846152,156,445.428624
-84.252168,65,445.537132
-245.229393,175,446.839814
-14.258221,145,448.039901
-123.230164,101,448.933983
-0.502785,223,450.37563
-76.00125,128,451.870008
-110.667826,148,453.440009
-106.09322,132,454.842709
-110.94231,83,454.980217
-82.477955,134,456.011796
-227.556811,147,457.182384
-107.782727,123,458.458662
-42.878997,77,459.719256
-80.931345,120,460.774865
-103.929512,81,461.747273
-160.285183,159,463.078864
-85.298705,71,463.197373
-241.952315,145,464.401456
-200.977174,105,464.578469
-161.742719,103,465.803058
-223.056539,118,467.058185
-242.527445,104,468.017483
-110.722182,88,468.86929
-275.034693,120,470.161455
-47.11779,80,470.294964
-56.370638,122,471.410595
-82.793557,86,472.502668
-199.066297,153,473.644255
-101.351142,98,474.579816
-54.550636,94,474.738829
-102.190012,97,475.81096
-134.386086,230,477.440125
-25.190489,165,478.538527
-24.023825,140,479.827947
-224.565417,109,481.346596
-155.879652,102,482.486817
-99.362623,72,483.509405
-58.681032,229,485.057747
-270.552188,121,486.454797
-30.37841,85,487.956562
-53.413897,99,488.956581
-234.875588,90,489.10509
-132.125458,75,490.200666
-317.582294,151,491.343757
-56.494385,62,492.405805
-236.92827,119,493.481081
-270.637895,163,494.93069
-379.691934,110,495.930502
-336.573314,94,497.025588
-494.142202,129,498.437345
-102.16075,58,498.534851
-164.979285,169,499.627428
-112.413288,116,500.678498
-437.821842,123,501.972146
-294.860687,113,503.00622
-61.47619,87,503.97521
-121.443552,79,504.107721
-246.451622,151,505.471908
-102.056135,91,505.625917
-110.496855,103,506.681493
-112.840448,98,507.681033
-76.600121,168,508.71962
-87.502212,174,509.761516
-147.625149,166,511.418029
-155.554904,190,512.570085
-417.874164,120,513.790788
-105.734444,56,514.970224
-287.162677,107,515.152239
-384.715014,100,516.187711
76.785236,1000,520.356395
-264.900323,186,521.708732
-342.819835,98,521.873745
-105.145663,103,522.90454
-261.214485,86,523.777108
-87.562137,181,524.955564
-333.572183,116,526.037944
-218.003986,82,527.053433
-253.493406,141,528.236428
-386.784077,99,529.246992
34.221176,87,529.391422
-195.378854,147,530.597941
-128.758759,195,532.465718
-169.014246,85,533.456344
-57.538047,72,533.573851
-126.901577,137,534.573838
-64.210731,173,535.976209
-249.566452,102,536.145224
-216.049428,159,537.566455
-268.345587,128,539.016557
-512.625298,137,540.264491
-87.849398,135,541.314242
-347.617692,132,542.603553
-39.01539,93,543.677849
-312.831541,170,545.203798
-199.0263,142,546.354109
-177.717592,107,547.364923
-47.191451,101,548.4865
-260.101272,141,549.675347
-378.920434,88,549.82236
-532.514199,146,550.987686
-129.713078,122,551.1907
-304.695582,105,552.577561
-391.987943,171,553.99336
-277.56919,93,554.147375
-141.227966,235,555.806017
-14.358169,100,556.915461
-91.841145,104,557.906936
-56.205173,122,559.145528
-105.422785,164,560.51546
-191.79677,214,561.909593
-104.242135,176,563.284321
-44.719955,127,564.383004
-189.294965,133,565.321568
-80.522742,57,566.390586
-369.084478,142,567.779684
-88.027822,186,568.92277
-55.18698,132,569.92926
-89.58066,65,570.910768
-60.392758,164,572.236758
-64.733237,187,573.338754
-30.076736,177,575.149841
-413.315117,222,576.660235
-100.102242,119,576.861754
-272.481922,240,578.446735
-276.159363,260,580.058729
-243.371463,104,581.236471
-12.923231,113,582.20072
5.717008,115,583.24621
-242.663789,303,584.74071
-174.354597,99,586.092707
-190.567549,135,587.182195
-360.908769,124,588.246829
-45.558489,165,589.501188
-332.725542,212,591.136687
-144.206911,108,592.108177
-400.554824,125,593.113767
-268.048187,173,594.244676
-75.602621,154,595.444796
-100.973904,142,597.092153
-241.772712,93,597.251157
-473.660137,128,598.555659
2.988787,97,599.651148
-98.729171,138,600.712146
-372.823968,143,601.810142
-331.195201,98,602.969135
-308.407855,139,604.064638
-273.407792,85,605.115132
-306.568745,133,606.37263
-328.562485,105,607.540624
-339.302988,78,607.670125
-365.192281,100,608.74762
-499.234977,98,609.729543
-442.460886,96,609.890051
-562.854605,89,611.044825
-240.991487,74,612.087877
-466.671584,102,613.272971
-313.790204,96,613.433985
-453.693205,112,614.687068
-392.229862,93,615.755642
-537.984605,95,616.767715
-391.007482,97,616.930234
-425.554503,85,618.161319
-453.786518,106,619.22396
-482.400748,117,620.294088
-577.870166,96,621.314663
-447.346465,100,621.480198
-656.164544,98,622.623775
-436.183841,93,623.762856
-501.302661,100,624.92625
-392.213704,79,625.058643
-374.343264,97,626.053463
-462.17412,111,627.061826
-402.360262,132,628.163398
-425.829753,96,629.167968
-474.377585,115,630.371048
-272.632084,103,630.545062
-550.843666,113,631.750141
-348.960567,102,632.757209
-311.308156,93,633.746782
-429.205401,127,634.972462
-447.817836,99,636.078036
-230.764899,90,636.23005
-449.458225,82,637.257463
-537.269195,109,638.457542
-492.349058,123,639.711255
-313.646694,77,639.838135
-280.4859,80,640.917416
-356.580982,104,641.917626
-435.40446,114,643.02971
-392.566748,101,643.197216
-321.247887,103,644.439725
-257.247098,105,645.533333
-520.871232,107,646.548914
-240.00143,104,647.710472
-295.935118,116,648.935689
-391.602086,87,649.080675
-135.785309,154,650.389047
-195.488095,124,651.764187
-534.694964,108,653.205807
-524.335156,105,654.447912
-391.517843,112,655.381045
-571.442515,107,656.385795
-318.984733,107,657.38411
-369.147656,93,657.541124
-355.497698,103,658.639332
-594.979285,106,659.783455
-435.150566,118,660.835535
-348.053133,94,661.913603
-288.309444,115,663.280999
-493.30599,113,663.471015
-153.68325,236,665.248224
-280.022224,123,666.533822
-247.529227,87,667.7204
-413.23122,85,668.723467
-343.304095,210,670.320601
-179.273759,201,671.84587
-37.425262,120,673.022111
-453.019397,106,674.054687
-377.195758,115,674.2457
-314.97224,188,675.789304
-328.389555,116,676.867376
-292.419816,113,677.89794
2.482398,108,679.316266
-390.527457,124,680.852191
-254.595498,97,681.018203
-352.017284,94,682.003266
-207.278412,114,683.030338
-457.125693,108,684.109422
-404.087848,103,685.340815
-360.994463,98,685.502322
-293.20146,186,686.938449
-533.323495,110,688.028521
-133.090698,134,689.351593
-236.21307,92,689.5071
-302.676574,154,691.042213
-243.860098,105,691.220721
-52.813829,195,692.825834
-243.065597,207,694.223796
-18.031293,158,695.652387
-60.444511,103,696.783843
-226.405827,161,698.247884
-90.822081,115,699.191847
-283.983448,116,700.231831
-295.039636,140,701.449733
-129.682167,233,702.977859
-308.305381,101,703.149872
-243.301103,200,704.719488
-82.165809,345,706.619038
-389.993388,150,707.881626
-24.136631,134,709.224227
-64.832442,188,710.498816
-15.734183,100,711.857913
-218.355604,132,712.962927
21.563543,135,714.041159
-140.289728,273,715.668551
-42.090879,187,717.317479
-163.14839,130,718.346467
-209.440485,101,719.60106
-85.193538,127,720.82745
-150.102924,123,722.096882
-89.639546,108,722.277791
-84.848678,172,723.683971
-72.220541,106,724.865053
-133.095755,245,726.42202
-25.667596,110,727.680215
-42.354014,122,728.705293
-177.548207,88,729.890835
-183.41201,127,730.937002
-499.489224,363,732.788633
-268.909275,280,734.552773
-593.142848,251,736.002591
-481.104118,226,737.342669
-566.565409,346,739.301816
-241.931654,182,740.894925
-526.792159,244,742.548821
-70.732478,170,743.760111
-248.968301,102,744.755671
-511.114533,325,746.346282
-549.304085,249,748.017394
-264.187584,171,749.661702
-86.055159,163,751.035362
-348.173624,328,752.781571
-580.101334,500,755.14069
-67.200013,116,756.469783
-61.733604,108,757.770061
-242.579445,178,759.272324
-311.909421,156,760.858648
-212.883378,209,762.287437
-255.013511,87,763.558167
-51.334015,200,764.92879
-30.305987,166,766.294712
12.830894,157,767.36929
-296.777609,246,768.792391
4.51268,122,769.829657
-470.212986,199,771.191354
26.762708,195,772.741046
10.927606,261,774.143646
-205.711091,227,775.61899
-13.56805,127,776.648033
-422.981153,365,778.453873
8.635435,176,779.55867
-11.803363,99,780.680998
-234.152858,425,782.659546
-149.982984,111,783.63394
-240.32385,135,784.733309
-129.450347,114,785.902283
-48.327078,282,787.319776
-325.552676,78,788.410168
-277.229461,84,789.373055
-116.653649,108,789.555069
-242.220313,66,790.83115
-282.030587,87,791.831106
-91.424634,170,793.488657
-153.094352,104,794.521543
-160.315743,140,795.651057
-195.528499,182,796.695632
-45.55789,120,798.006866
-50.187259,133,799.167493
-94.354914,169,800.669772
-133.393745,254,802.405375
-259.696259,81,802.542884
-214.281997,107,803.677167
-168.411919,96,804.66375
-199.20855,110,805.707371
-219.845934,98,805.870385
-39.227872,224,807.523493
1.786059,100,808.405059
-168.454076,181,809.459716
-94.014403,132,810.696309
-49.727058,181,812.268176
-307.643704,131,813.332008
-86.022482,132,814.471982
-135.394488,165,815.74636
-126.632875,89,816.787259
-188.09104,177,818.010477
-330.737007,67,818.95892
-110.562553,103,820.234753
-101.220941,145,821.740863
-314.04912,53,821.830369
-85.997798,90,822.679557
-233.441698,105,823.791493
-132.630761,121,825.095726
-308.682722,58,825.192232
-335.750635,61,825.294242
-376.857402,77,826.194729
-121.154438,111,827.194429
-391.794782,113,828.249679
-252.869486,65,828.360187
-351.901256,71,829.140158
-349.023989,117,830.263548
-84.097113,82,830.400057
-364.604791,72,831.534137
-135.176996,84,832.477209
-364.467613,63,832.582716
-353.584287,106,833.535478
-430.055291,104,834.503438
-310.955648,127,835.715521
-140.264331,107,836.726115
-319.934987,112,836.913128
-155.451041,128,838.29673
-159.720612,98,839.857996
-305.933173,120,841.09711
-188.802969,100,842.233191
-57.331073,132,843.292771
-315.709949,128,844.335675
-131.403333,154,845.404848
-92.669563,87,846.611531
-88.591171,156,847.798938
-375.261702,133,848.840017
-281.086715,106,849.816445
-329.903635,59,849.914491
-352.934016,75,850.803941
-232.429808,66,851.757508
-70.420199,105,851.932695
-140.156592,101,853.133156
-314.823658,123,854.307188
-49.729393,97,855.287992
-233.058762,122,856.2389
-368.575075,144,857.571104
-160.75239,107,858.51085
-308.367124,118,859.643815
-219.389991,142,860.93369
-211.7854,77,861.0632
-75.017452,169,862.406213
-153.394418,165,863.76235
-287.426386,104,864.746986
-297.594495,68,864.860129
-298.660779,62,865.760094
-97.216475,122,866.748163
-132.740711,158,867.918247
-252.830482,137,868.959317
-230.366577,115,869.95946
-195.745911,116,870.961529
-241.268301,87,872.029141
-139.158965,192,873.346236
-210.41715,143,874.394356
-309.183732,65,875.609128
-322.590887,118,876.76571
-362.773889,76,876.891722
-102.606149,107,877.804793
-64.200303,108,878.793535
-93.096362,117,879.860724
-251.73489,99,880.874567
-83.287527,152,882.150661
-87.278613,89,882.299675
-60.410311,83,883.38425
-321.34207,175,884.529509
-18.045912,83,885.847069
-54.246445,118,886.889571
-227.836442,76,887.812062
17.319762,207,889.120574
-247.760081,125,890.287558
-139.782511,87,891.326556
-148.551654,74,892.288552
-90.91683,94,892.444771
-54.910566,94,893.452635
-50.979849,164,894.544807
-90.961209,118,895.78244
-25.387195,116,896.921564
-69.7705,83,897.899275
-108.528386,119,899.177321
-38.802204,94,899.335332
-205.821677,117,900.289446
-71.912752,118,901.445044
-203.782073,119,902.626126
-369.753818,82,903.73998
-190.380236,110,904.926769
-374.029869,193,906.303298
-287.898416,76,907.403874
-111.612714,104,908.487961
-365.339557,87,908.633468
-263.248532,97,909.700085
-157.644699,114,910.700154
-39.422657,151,911.782729
-127.700307,109,912.783541
-139.470542,93,913.821164
-217.214111,257,915.520778
-258.087938,91,915.673287
-243.414609,108,916.962875
-355.219493,79,918.032514
-99.480724,192,919.274288
-141.822105,154,920.831938
-160.265034,73,920.954443
-268.979814,87,922.02044
-299.675432,57,922.116933
-111.885327,117,922.931486
-8.910523,95,923.871928
108.277292,1000,927.737911
-321.885575,76,927.865418
-256.610573,116,928.818414
-300.780368,78,929.727411
-325.682838,148,930.894406
-85.613063,121,931.962403
-37.27835,146,933.155399
-42.10737,94,934.097917
-278.060226,95,935.404954
-286.054724,123,935.60908
23.788229,99,936.943374
-282.295765,61,937.934175
-329.986301,63,938.040682
-289.32595,78,938.939529
-221.394882,145,940.050109
-196.672375,119,941.102685
-61.829781,91,942.117754
-270.820437,80,942.252261
-268.575132,109,943.414345
-42.977793,223,944.949419
-216.604144,80,945.084029
-332.436244,125,946.006843
-303.947919,73,947.133346
-352.613826,66,948.075838
-276.085254,125,949.45235
-164.124515,114,949.644335
-267.7041,103,950.824332
-98.216415,166,952.016488
-158.885027,112,952.408328
-54.011952,118,953.673816
-143.318593,128,955.020809
-40.884454,144,956.296312
-380.904425,70,957.635309
-7.055147,106,958.63699
-81.201445,133,960.030209
-128.55989,129,961.335299
-187.560834,103,962.487225
-257.253652,100,962.654734
-57.568064,78,963.882817
-103.784067,109,964.888391
-228.59816,92,966.053872
-265.353197,200,967.387965
-334.422204,65,968.50316
-274.194069,96,968.664668
-47.891576,92,969.900301
-239.918514,100,971.002823
-47.63968,116,972.042889
-88.551832,91,973.119463
-202.52517,81,973.25597
-53.98729,131,974.321573
-69.705057,69,975.426149
-328.034631,90,975.580658
-195.034157,102,976.674232
-96.758038,86,977.93082
-209.01998,106,978.918889
-123.403817,91,979.069396
-22.737619,180,980.498998
-208.418754,87,981.419148
-27.924344,99,981.584657
-101.688125,97,982.71674
-42.091621,99,983.764805
-323.682499,96,984.772872
-156.038711,114,984.963886
-184.507555,225,986.832123
-101.971577,135,988.142714
-266.418574,247,989.905387
-64.31829,246,991.415251
-9.23439,222,992.84304
-51.373161,144,993.956563
-60.769806,182,995.082147
-10.652274,105,996.255227
-85.417002,118,997.292803
38.609981,84,998.402377
68.685082,1000,1002.384694
-197.953653,134,1003.698397
-35.339446,140,1004.715001
31.556196,96,1005.882612
-45.187242,97,1006.043579
-24.400092,228,1007.587704
-67.406097,98,1008.630276
-164.939391,68,1008.744783
-50.049696,227,1009.926891
-163.406634,129,1011.172266
-36.799548,160,1012.361346
-253.117606,270,1014.356092
-180.698124,106,1014.531092
-41.096257,80,1015.86558
82.016846,1000,1019.805237
22.191057,104,1020.966812
-54.712839,97,1021.127826
-50.490634,92,1022.452953
-62.938538,102,1023.466494
-6.421349,85,1024.625644
-69.47109,146,1026.141011
8.83882,72,1026.262323
1.55555,120,1027.193309
-55.195183,103,1028.249886
-229.419242,108,1029.251651
-202.539653,120,1030.331372
-88.7971,100,1031.377258
-16.783384,88,1031.52688
-278.552442,145,1032.797606
-56.680798,145,1034.051382
-143.37531,103,1035.387979
-114.602042,106,1036.624515
46.629983,149,1037.624731
-6.638228,96,1038.969839
-87.994223,109,1040.011071
-131.292376,132,1041.069657
-47.626344,188,1042.141171
-61.875689,96,1043.366785
-238.369271,197,1044.896351
-11.353031,110,1046.382977
-108.267518,186,1047.610475
-165.983219,156,1048.736051
-262.801998,110,1049.840241
-44.954703,167,1051.007919
-12.177699,215,1052.743417
-46.940806,88,1053.755901
-278.728553,154,1055.006941
-225.469477,137,1056.143428
230.627804,566,1058.512059
-174.054682,118,1059.784108
33.064829,193,1061.611847
-253.755594,192,1062.91796
-97.8818,211,1064.457822
-8.166775,199,1065.787435
-239.466722,85,1065.929448
-65.695144,163,1067.165531
-84.778272,175,1068.746665
-125.506807,200,1069.893749
-66.82215,142,1071.370355
22.331191,105,1071.545369
-70.912,112,1072.774451
-45.291329,101,1073.865062
-33.923045,92,1074.844133
-177.898114,132,1075.926711
-143.137837,130,1077.2524
-38.228194,109,1078.448252
17.564089,148,1079.757391
15.753273,118,1081.022982
-4.233485,115,1082.363605
-23.161036,103,1082.536428
2.038597,147,1083.952004
-7.742455,184,1085.337103
6.144127,101,1086.338337
-58.43428,100,1087.547633
-235.095534,131,1088.667265
-57.318826,103,1088.839263
-3.919737,110,1089.961995
-156.454305,66,1090.984621
-261.390637,136,1092.214296
-69.394519,97,1093.291364
-76.865784,143,1094.859164
-11.156494,96,1095.020178
-7.494369,149,1096.563067
-101.830638,113,1097.866775
-50.275025,120,1098.067776
-33.675601,101,1099.573314
-37.997574,92,1100.826263
53.042565,151,1101.844974
-25.437779,110,1102.826217
-43.894454,101,1103.834295
-191.235233,80,1103.970796
-32.004215,93,1104.911457
-13.509663,156,1106.218022
-15.674268,101,1107.389657
23.960876,151,1108.519497
-70.038121,103,1109.638074
-125.437535,120,1110.759645
-347.70976,91,1111.739716
-70.551033,151,1112.948369
-22.657916,142,1113.996922
-163.053934,132,1115.045768
-208.035224,146,1116.091399
-82.883885,136,1117.196963
-18.793922,113,1118.43057
-14.657399,157,1119.647651
-91.913185,110,1120.773551
-0.053373,112,1121.964141
-61.048551,100,1122.849232
-42.939732,121,1123.905808
-135.118645,129,1125.076824
-115.332573,123,1126.13754
-221.337131,150,1127.195663
2.333745,129,1128.256532
-231.776803,145,1129.306513
-65.950465,122,1130.397418
-9.612342,134,1131.466374
-58.343691,150,1132.619321
-77.116092,190,1134.122828
140.634731,1000,1138.024884
-291.950807,276,1139.655676
-137.1408,290,1141.424362
-294.935502,326,1143.228543
-119.399096,196,1144.783645
-220.546213,233,1146.2784
-246.201666,141,1147.384786
-154.332214,219,1148.796883
-80.089899,112,1149.997989
-101.736933,166,1151.397086
-149.143398,266,1152.9983
-101.438234,482,1155.181456
-23.563206,168,1156.407069
-167.247034,131,1157.531234
-199.980912,168,1158.704475
26.101367,225,1160.232268
-40.169469,199,1161.708388
38.344143,158,1163.133735
-8.720861,120,1164.165697
-32.26776,195,1165.26078
-21.974196,126,1166.671929
-28.581699,133,1167.99914
-80.081781,258,1169.830158
12.615446,106,1171.166392
238.839655,514,1173.448546
-75.645623,198,1175.201162
-46.857664,280,1176.60982
-97.713881,126,1177.658778
-51.68628,287,1179.144381
13.22494,151,1180.550477
-2.372481,161,1182.23176
-36.583468,218,1183.587352
-91.064549,126,1184.964982
49.523046,124,1186.17189
-85.52178,436,1188.498548
-47.70191,118,1189.817644
44.096658,167,1191.105755
-28.219952,251,1192.529355
-165.345325,498,1194.734561
-91.713072,139,1195.78914
-170.957491,118,1196.811731
8.25244,182,1198.034399
-18.443104,149,1199.313395
-47.111095,95,1200.580884
-196.085889,137,1201.690609
3.192761,88,1202.65345
-54.434781,233,1204.072545
-18.345817,153,1205.212135
-104.026344,345,1206.959259
-26.000448,99,1207.123768
-11.296163,184,1208.552366
-44.891328,157,1209.737475
-33.762894,93,1210.597531
-168.222414,124,1211.770613
-106.104971,99,1212.892188
-35.071639,97,1213.052704
-67.635298,292,1214.920833
-43.624005,67,1215.031845
-81.118436,112,1215.996581
-25.18607,180,1217.105321
3.09096,117,1218.532393
-41.817052,84,1219.782478
-204.948182,126,1220.776106
-100.256795,218,1222.151103
-8.195928,95,1222.31061
-27.428817,100,1223.266197
15.322276,165,1224.497281
-106.303413,203,1226.243541
1.771515,105,1227.267607
-37.677499,161,1228.329679
150.488941,410,1230.384349
-29.332513,95,1231.77544
2.191224,155,1232.81702
-102.667714,106,1234.123759
-13.3189,163,1235.326752
1.109918,95,1236.487748
-6.723309,187,1237.85562
-61.3921,81,1237.991127
-50.700017,111,1239.099705
-2.850268,106,1240.170242
-30.144711,171,1241.322788
-22.605259,189,1242.730457
-161.984524,119,1243.856366
-2.976791,83,1243.991872
-13.22969,106,1244.899433
-23.131535,127,1245.936034
23.704208,123,1247.005104
58.139441,1000,1250.894892
-60.115601,343,1252.601509
-88.571089,171,1254.032265
18.966885,1000,1257.921967
-65.078929,199,1259.237066
-41.086344,248,1260.76267
-2.19571,85,1262.049256
-22.890072,237,1263.527817
64.893304,152,1264.686898
-30.659965,143,1265.804981
-33.112115,95,1266.838555
-21.309745,246,1268.384891
-160.416974,512,1270.733612
-55.671341,226,1272.166695
-323.108376,138,1274.003005
-216.07447,892,1277.710525
-108.401867,376,1279.719586
-43.512937,99,1280.949267
-40.864209,208,1282.228313
-143.053176,594,1284.834016
-60.552676,122,1285.033202
-34.526181,200,1286.549375
-43.62243,85,1287.51738
-11.888265,226,1288.974511
-18.14044,106,1290.40663
-29.397465,191,1291.887368
-101.188114,299,1293.546037
-12.117988,88,1294.572038
-174.868827,273,1296.150034
-128.660725,442,1298.164516
-80.844144,131,1299.643513
-110.488687,313,1301.798013
-25.678898,187,1303.002329
8.899456,216,1304.582711
-37.894729,150,1305.6467
-230.911837,358,1307.496689
-16.257341,179,1308.589368
-82.228991,419,1310.7985
-85.919298,417,1312.943342
4.636455,97,1314.082461
-46.297573,87,1314.225487
-61.250172,260,1315.630528
-106.232555,141,1316.96697
-77.437554,150,1318.47572
-104.399512,237,1319.917893
-91.692748,395,1322.250174
-97.357309,232,1323.596389
-90.915627,336,1325.492612
-335.385061,562,1327.801159
-58.024873,126,1329.051361
-18.345046,144,1330.686667
19.456922,164,1332.217273
-132.060948,537,1334.404927
0.814307,110,1335.390998
10.133641,88,1336.377335
-52.993507,95,1336.534446
-49.254539,108,1337.713777
22.95955,162,1338.854357
29.649008,172,1340.547658
-22.421723,277,1342.166518
-7.721054,135,1343.359601
-84.384347,139,1344.40726
-13.712973,93,1345.436835
7.007031,86,1345.577849
46.593995,149,1346.958555
-28.945779,127,1348.41416
-83.272915,356,1350.320302
-52.035069,189,1351.950422
-31.531334,136,1353.069517
-417.652595,443,1355.120171
0.289813,323,1357.301846
-112.415675,568,1359.563507
-251.486454,1000,1363.550789
3.806493,217,1364.933904
56.003309,127,1366.014985
27.499915,133,1366.988059
37.554518,151,1368.16414
-26.187703,277,1369.650738
-14.163678,195,1371.189698
-16.02517,319,1372.898317
36.087,128,1374.142902
-0.755708,224,1375.742854
-48.112762,113,1376.760922
-34.425263,76,1376.885933
6.1351,141,1378.133515
-49.655388,75,1378.259025
23.445544,101,1379.222086
39.949096,1000,1383.12386
-41.814105,101,1384.19244
16.531773,117,1384.393453
-26.170799,240,1386.117121
-23.869657,90,1387.450708
154.8819,425,1389.369344
-52.17139,111,1390.842439
-51.086299,200,1392.322247
0.446517,222,1393.91162
7.981585,159,1395.387811
178.110703,464,1397.409966
-41.803483,96,1398.678061
-16.294482,204,1400.070158
-52.892972,96,1400.22817
10.016936,99,1401.333744
27.056451,149,1402.583333
-4.632163,1000,1406.541012
-45.48829,122,1407.729806
-21.565071,126,1408.804883
-38.447501,369,1410.851019
49.116349,165,1411.913609
-99.464408,522,1414.333292
4.158635,227,1416.069425
-8.180802,222,1417.570563
-23.784908,179,1418.808746
36.622026,1000,1422.908053
-61.586137,383,1424.866689
158.681808,735,1428.002399
-47.90575,505,1430.313554
-26.599977,322,1431.863159
-13.854882,308,1433.827796
40.737569,183,1435.078146
-65.043638,395,1436.934294
115.055664,1000,1440.9196
1.859372,297,1442.401973
-44.844209,260,1444.152965
-4.95234,228,1445.730344
-11.821512,124,1446.788918
-196.828205,868,1450.152576
-1.503164,267,1451.578176
-24.308453,515,1453.786829
70.639942,1000,1457.691979
12.863533,128,1458.840553
-39.847993,147,1459.91171
-3.673707,124,1460.943888
-6.071374,121,1461.970463
63.328248,96,1462.990534
19.938247,190,1464.300276
35.40654,135,1465.437811
-38.904366,105,1466.568596
32.759036,108,1467.569664
31.546052,193,1468.808274
-4.717036,1000,1472.879075
-25.763785,143,1474.005824
-64.064922,121,1475.213908
41.274055,207,1476.765019
-3.292067,414,1478.726701
9.26488,165,1480.01603
17.790478,88,1481.37233
38.160451,1000,1485.307811
25.138974,1000,1489.187432
-75.719328,251,1490.81854
84.208776,1000,1494.737664
-20.91439,270,1496.751304
-14.415114,458,1499.152351
8.951569,294,1500.648226
-9.374178,334,1502.77496
153.653253,1000,1506.588936
26.619713,222,1507.988136
210.886696,963,1511.697291
271.66213,542,1513.978497
164.229964,776,1517.416933
114.775665,833,1521.149652
-37.473226,109,1522.095332
5.042005,181,1523.345417
-1.891373,116,1524.373656
10.348282,92,1525.252132
2.682664,132,1526.289248
213.559215,534,1528.576222
-76.320129,88,1529.518645
63.028003,1000,1533.434502
192.899044,594,1535.941128
-7.805956,426,1538.097228
12.653347,133,1539.590829
-21.556075,164,1541.142936
17.069452,135,1542.384042
35.332082,233,1543.848137
-16.859662,195,1545.227097
-76.08309,521,1547.457832
2.740445,93,1548.842147
16.858598,211,1550.21224
-55.187799,83,1550.35281
-72.434126,75,1551.351585
-122.919245,107,1552.291936
-81.397063,621,1554.977219
17.77354,187,1556.290703
-18.358632,131,1557.331323
4.075913,304,1558.89341
177.241686,910,1562.733707
7.327006,129,1564.0773
-5.641774,88,1564.221311
10.305851,131,1565.345134
-161.04984,618,1567.904183
-65.028433,126,1568.910481
17.906995,122,1569.90328
-22.763674,149,1570.899251
-21.843195,420,1573.122001
157.618065,666,1576.041274
-76.223126,104,1577.251706
-66.563041,121,1577.44972
-9.76787,108,1578.844458
-20.701582,307,1580.971451
26.100745,198,1582.376447
-57.76291,198,1583.777442
-15.697845,130,1585.021435
-20.935566,129,1586.134937
-28.736138,190,1587.302933
-53.689057,335,1589.16542
39.82122,122,1590.165416
44.216039,132,1591.220917
-27.497537,93,1592.187485
-81.169077,121,1593.387077
93.914834,109,1593.567089
81.274281,1000,1597.690082
-65.588047,78,1598.985166
-11.933217,189,1600.055359
35.161742,113,1601.369961
-11.791365,142,1602.525298
3.128682,234,1604.218859
-72.129879,83,1605.30136
-132.515157,687,1608.006963
-3.541817,247,1609.376849
31.94936,170,1610.593339
-24.44848,202,1612.180915
-40.197876,404,1614.019284
3.895113,93,1615.133828
-160.066035,152,1616.193583
-55.200529,666,1618.938305
-6.406612,183,1620.510005
-30.247324,141,1621.682185
-34.05323,71,1621.799197
141.746865,644,1624.41733
23.377375,179,1626.09244
-17.481321,278,1627.681782
17.770992,221,1629.038755
129.157659,569,1631.457913
-11.788543,80,1632.407445
13.024927,133,1633.687916
26.338735,294,1635.304952
17.178143,95,1636.348327
30.802797,232,1637.772035
39.056269,145,1639.041587
-0.296852,201,1640.425097
-54.853564,475,1642.765669
-183.047888,75,1643.682314
-34.578541,123,1645.018553
-280.372028,498,1647.436533
-24.987833,86,1647.578042
211.436131,548,1650.02972
176.664795,808,1653.576969
-11.357728,252,1655.313638
-90.56501,121,1656.636223
-111.564419,111,1657.749797
29.645744,186,1659.15339
2.833134,277,1660.630593
44.759529,130,1661.645659
-39.936198,120,1662.716243
188.993828,841,1666.053483
12.542977,132,1667.481084
-4.130419,88,1667.625098
115.740375,924,1671.573115
152.032535,990,1675.472338
186.102781,713,1678.69519
23.719905,318,1680.273056
77.247945,1000,1684.367137
-62.980825,452,1686.662375
-3.063498,131,1687.926104
-17.303749,335,1689.697779
-3.874969,357,1691.86105
17.366815,121,1693.020993
19.461353,363,1694.830117
-13.796072,213,1696.204552
-70.187652,97,1696.364564
-8.137251,105,1697.654155
33.209,155,1698.924274
222.91705,546,1701.612094
35.46801,237,1703.14527
6.378907,201,1704.739938
109.745231,1000,1708.600377
67.125429,1000,1712.495354
-27.391192,122,1713.601947
111.348487,1000,1717.508773
29.000297,173,1718.894384
-15.658452,183,1720.044987
231.723769,490,1722.565691
241.162567,479,1724.684932
-69.703675,269,1726.178602
-8.934249,246,1727.583205
23.531198,111,1728.730285
1.041125,249,1730.294889
9.407662,320,1732.028518
3.376635,433,1734.148164
-43.346627,325,1736.197804
62.037108,140,1737.319881
-59.955308,200,1738.937288
5.369315,171,1740.245377
-35.232115,287,1741.8192
-37.261141,593,1744.814683
-14.402971,364,1746.6598
-31.008085,193,1748.074403
-85.336933,258,1749.772015
15.791111,163,1751.465128
62.97161,154,1752.85022
-82.485785,237,1754.397818
24.520215,152,1755.84592
-76.32709,93,1756.942999
15.26474,158,1758.267583
-16.655414,348,1760.231367
282.311506,445,1762.68252
-42.722662,97,1763.653306
-123.144564,82,1763.790812
27.066806,221,1765.186911
-11.785052,108,1766.32316
24.290798,197,1767.658255
-17.382706,196,1769.047356
2.925082,100,1770.056421
-18.460997,139,1771.236501
-148.351729,128,1772.323581
62.32193,153,1773.519763
29.260941,139,1774.57583
-3.92718,340,1776.612406
-22.779906,280,1778.151166
4.95041,115,1779.247741
10.827093,372,1781.076363
-14.286453,231,1782.454457
263.779114,781,1785.838187
-26.962951,232,1787.295288
23.560238,256,1789.002407
-189.323573,149,1790.373498
-78.682854,94,1790.532512
82.566519,131,1791.7651
17.086518,166,1793.319223
210.500109,430,1795.456374
0.396433,175,1796.860026
7.662746,137,1798.45379
236.637767,593,1801.046296
-0.151484,98,1802.169873
247.19493,473,1804.497039
4.972361,122,1805.908137
245.682701,529,1808.430534
203.676099,527,1810.861233
-48.518958,339,1812.610459
217.680354,720,1816.076211
250.040518,249,1817.687833
-54.823194,96,1818.676386
2.514717,148,1819.76447
50.498952,236,1821.159747
-82.86285,244,1822.793855
-10.451474,111,1823.888638
24.575456,310,1825.610256
-65.186308,138,1826.648031
-52.577782,182,1827.955928
40.689141,174,1829.656513
-239.884975,414,1831.594614
7.751575,252,1833.150944
-26.554278,86,1834.131141
20.094041,227,1835.658938
-27.645687,181,1837.134542
-24.686246,207,1838.479136
274.177677,443,1840.899749
-18.717849,207,1842.306846
22.580319,1000,1846.308488
-20.591635,174,1848.138622
-115.303625,215,1849.634224
-52.956846,218,1851.299335
-126.127445,625,1854.156659
-9.01383,228,1855.638822
-93.827195,332,1857.275479
-94.351439,540,1860.103906
158.139906,980,1863.867107
-19.109498,162,1865.308006
-25.411376,120,1866.584186
111.1545,619,1869.150544
-24.361284,132,1870.659357
-36.128517,190,1872.351902
201.716333,403,1874.223144
220.037518,850,1877.506943
-47.510195,83,1877.643958
-19.819055,217,1879.170102
176.75604,771,1882.256858
-40.984202,185,1883.60832
83.676793,1000,1887.317852
52.037112,170,1888.845207
-54.05568,103,1889.013314
285.440572,999,1892.980397
202.737061,449,1895.156185
297.154878,628,1897.85947
-23.230817,108,1898.960384
-15.664544,146,1900.342881
209.927087,416,1902.49625
9.020821,247,1904.000307
-100.606355,346,1905.813014
-52.961068,202,1907.312679
-135.962545,392,1909.252096
-27.308916,103,1910.467176
12.470394,334,1912.2009
246.71763,353,1914.082819
17.021678,218,1915.734406
21.173234,94,1916.718471
278.870251,435,1918.857163
25.088799,138,1920.094887
-32.750825,226,1921.501537
245.427832,744,1924.501575
-29.672072,262,1926.028815
238.668257,615,1928.613503
42.397507,226,1930.081102
12.693684,175,1931.768834
39.322577,128,1932.894408
204.473888,502,1935.296684
35.793891,127,1936.394774
23.178679,142,1937.577614
-38.297599,365,1939.290606
25.934798,145,1940.520096
235.030928,496,1942.747128
49.994179,145,1943.956278
206.516012,455,1945.735057
-40.289123,132,1947.228657
236.333553,411,1949.423918
-9.873022,213,1950.893517
35.235674,228,1952.459437
-140.200648,79,1953.319826
31.161077,108,1954.511989
242.924715,854,1957.830876
-16.502647,148,1959.096463
9.215011,121,1960.400905
11.506337,247,1961.836006
-28.037275,295,1963.643635
-30.872821,151,1964.88622
199.00527,611,1967.677497
31.088606,135,1969.059988
257.786977,586,1971.858019
208.647142,525,1974.081206
209.591452,462,1976.178184
2.761207,435,1978.181524
258.094958,410,1980.287398
11.145567,139,1981.89251
-13.28201,472,1984.039067
22.103966,162,1985.443162
260.237585,349,1987.48393
-0.643687,272,1989.199376
36.807705,118,1990.440416
46.048375,135,1991.592899
-45.891063,296,1993.332374
3.01422,159,1994.894457
-147.074216,558,1997.138885
-63.138926,146,1998.459291
-56.067907,138,1999.771926
-42.388349,311,2001.725131
-116.316702,80,2002.719741
-73.763572,153,2004.201449
134.352842,431,2006.122083
2.053469,144,2007.296163
-159.996947,522,2009.633656
2.798648,256,2011.190764
166.576735,988,2015.176542
238.998818,318,2016.69965
247.570739,524,2019.36234
226.323648,587,2021.932628
171.245872,407,2023.771055
35.590684,341,2025.771685
230.821707,462,2027.930659
197.525092,543,2030.462242
-174.521351,930,2033.943852
-67.814272,97,2035.029087
163.570341,747,2038.124256
-92.711448,128,2039.480098
72.083304,493,2041.923904
-117.688629,305,2043.826131
-80.103543,102,2044.789253
-66.256196,269,2046.548531
-68.512946,259,2048.119227
-99.837644,321,2049.609266
-69.473453,297,2051.521986
-128.699084,341,2053.194198
-18.149077,181,2054.858391
-71.002408,278,2056.332748
-66.467498,277,2057.810018
-20.966332,294,2059.406195
10.939831,120,2060.655849
-40.15992,286,2062.404782
9.213123,94,2062.5583
290.837142,479,2064.771603
